[2026-08-04T07:47:01.761Z] GET http://localhost:3000/marka → 200 (51ms, 6563B)
[2026-08-04T07:47:01.819Z] GET http://localhost:3000/_next/static/chunks/src_perfume-comparer-web_src_app_globals_1kowgbp.css → 200 (5ms, 8432B)
[2026-08-04T07:47:01.819Z] GET http://localhost:3000/_next/static/chunks/%5Bturbopack%5D_browser_dev_hmr-client_hmr-client_ts_0b4hjvo._.js → 200 (62ms, 675B)
[2026-08-04T07:47:01.819Z] GET http://localhost:3000/_next/static/chunks/01d5_next_dist_compiled_next-devtools_index_07ycjaq.js → 200 (99ms, 217706B)
[2026-08-04T07:47:01.819Z] GET http://localhost:3000/_next/static/chunks/01d5_next_dist_compiled_react-dom_0-xmo_9._.js → 200 (96ms, 184296B)
[2026-08-04T07:47:01.820Z] GET http://localhost:3000/_next/static/chunks/01d5_next_dist_compiled_react-server-dom-turbopack_1cdelyf._.js → 200 (62ms, 31918B)
[2026-08-04T07:47:01.820Z] GET http://localhost:3000/_next/static/chunks/01d5_next_dist_compiled_0z2j911._.js → 200 (63ms, 28402B)
[2026-08-04T07:47:01.820Z] GET http://localhost:3000/_next/static/chunks/01d5_next_dist_client_00b162t._.js → 200 (98ms, 153319B)
[2026-08-04T07:47:01.820Z] GET http://localhost:3000/_next/static/chunks/01d5_next_dist_1t1vbm1._.js → 200 (66ms, 46308B)
[2026-08-04T07:47:01.821Z] GET http://localhost:3000/_next/static/chunks/01d5_%40swc_helpers_cjs_0-dwtys._.js → 200 (64ms, 772B)
[2026-08-04T07:47:01.821Z] GET http://localhost:3000/_next/static/chunks/src_perfume-comparer-web_1anvha4._.js → 200 (64ms, 700B)
[2026-08-04T07:47:01.821Z] GET http://localhost:3000/_next/static/chunks/turbopack-src_perfume-comparer-web_1w_cc43._.js → 200 (68ms, 22558B)
[2026-08-04T07:47:01.822Z] GET http://localhost:3000/_next/static/chunks/src_perfume-comparer-web_src_0hxx-ed._.js → 200 (64ms, 12948B)
[2026-08-04T07:47:01.822Z] GET http://localhost:3000/_next/static/chunks/01d5_next_18t8uho._.js → 200 (82ms, 46007B)
[2026-08-04T07:47:01.822Z] GET http://localhost:3000/_next/static/chunks/src_perfume-comparer-web_src_app_layout_tsx_0zdms-1._.js → 200 (74ms, 377B)
[2026-08-04T07:47:01.822Z] GET http://localhost:3000/_next/static/chunks/src_perfume-comparer-web_src_1js13tr._.js → 200 (84ms, 4497B)
[2026-08-04T07:47:01.822Z] GET http://localhost:3000/_next/static/chunks/src_perfume-comparer-web_src_app_marka_page_tsx_1zjgrze._.js → 200 (83ms, 269B)
[2026-08-04T07:47:01.822Z] GET http://localhost:3000/_next/static/chunks/01d5_next_dist_client_components_builtin_global-error_1zjgrze.js → 200 (88ms, 212B)
[2026-08-04T07:47:01.998Z] GET http://localhost:3000/_next/static/chunks/%5Bturbopack%5D_browser_dev_hmr-client_hmr-client_ts_1mojsay._.js → 200 (1ms, 3904B)
[2026-08-04T07:47:01.998Z] GET http://localhost:3000/_next/static/chunks/%5Bturbopack%5D_browser_dev_hmr-client_hmr-client_ts_1hbh5nd._.js → 200 (1ms, 289B)
[2026-08-04T07:47:02.053Z] GET http://localhost:5026/api/brands → 200 (50ms, 22987B)
[2026-08-04T07:47:02.160Z] GET http://localhost:5026/media/brand_images/abercrombie_fitch.webp → 200 (14ms, 3138B)
[2026-08-04T07:47:02.160Z] GET http://localhost:5026/media/brand_images/acqua_di_parma.webp → 200 (13ms, 4766B)
[2026-08-04T07:47:02.160Z] GET http://localhost:5026/media/brand_images/adidas.webp → 200 (13ms, 6630B)
[2026-08-04T07:47:02.161Z] GET http://localhost:5026/media/brand_images/afnan.webp → 200 (12ms, 30078B)
[2026-08-04T07:47:02.161Z] GET http://localhost:5026/media/brand_images/ahmed_al_maghribi.webp → 200 (13ms, 9900B)
[2026-08-04T07:47:02.161Z] GET http://localhost:5026/media/brand_images/ajmal.webp → 200 (13ms, 7564B)
[2026-08-04T07:47:02.161Z] GET http://localhost:5026/media/brand_images/al_haramain_perfumes.webp → 200 (15ms, 13490B)
[2026-08-04T07:47:02.162Z] GET http://localhost:5026/media/brand_images/alvarez_gomez.webp → 200 (14ms, 27826B)
[2026-08-04T07:47:02.162Z] GET http://localhost:5026/media/brand_images/amouage.webp → 200 (14ms, 3812B)
[2026-08-04T07:47:02.162Z] GET http://localhost:5026/media/brand_images/antonio_banderas.webp → 200 (15ms, 9312B)
[2026-08-04T07:47:02.162Z] GET http://localhost:5026/media/brand_images/arabiyat.webp → 200 (14ms, 4180B)
[2026-08-04T07:47:02.162Z] GET http://localhost:5026/media/brand_images/ard_al_zaafaran.webp → 200 (15ms, 19068B)
[2026-08-04T07:47:02.162Z] GET http://localhost:5026/media/brand_images/armaf.webp → 200 (23ms, 12828B)
[2026-08-04T07:47:02.162Z] GET http://localhost:5026/media/brand_images/atelier_cologne.webp → 200 (23ms, 3444B)
[2026-08-04T07:47:02.163Z] GET http://localhost:5026/media/brand_images/atkinsons.webp → 200 (22ms, 8822B)
[2026-08-04T07:47:02.163Z] GET http://localhost:5026/media/brand_images/azzaro.webp → 200 (22ms, 10374B)
[2026-08-04T07:47:02.164Z] GET http://localhost:5026/media/brand_images/bath_body_works.webp → 200 (22ms, 59966B)
[2026-08-04T07:47:02.164Z] GET http://localhost:5026/media/brand_images/bdk_parfums.webp → 200 (22ms, 3664B)
[2026-08-04T07:47:02.164Z] GET http://localhost:5026/media/brand_images/benetton.webp → 200 (24ms, 16422B)
[2026-08-04T07:47:02.164Z] GET http://localhost:5026/media/brand_images/beso_beach.webp → 200 (24ms, 3354B)
[2026-08-04T07:47:02.164Z] GET http://localhost:5026/media/brand_images/boadicea_the_victorious.webp → 200 (25ms, 5380B)
[2026-08-04T07:47:02.164Z] GET http://localhost:5026/media/brand_images/bond_no_9.webp → 200 (27ms, 5072B)
[2026-08-04T07:47:02.165Z] GET http://localhost:5026/media/brand_images/burberry.webp → 200 (25ms, 4616B)
[2026-08-04T07:47:02.165Z] GET http://localhost:5026/media/brand_images/bvlgari.webp → 200 (26ms, 2174B)
[2026-08-04T07:47:02.165Z] GET http://localhost:5026/media/brand_images/by_kilian.webp → 200 (29ms, 4558B)
[2026-08-04T07:47:02.165Z] GET http://localhost:5026/media/brand_images/byredo.webp → 200 (28ms, 2692B)
[2026-08-04T07:47:02.165Z] GET http://localhost:5026/media/brand_images/cacharel.webp → 200 (28ms, 2346B)
[2026-08-04T07:47:02.165Z] GET http://localhost:5026/media/brand_images/calvin_klein.webp → 200 (29ms, 2342B)
[2026-08-04T07:47:02.165Z] GET http://localhost:5026/media/brand_images/carner_barcelona.webp → 200 (29ms, 3682B)
[2026-08-04T07:47:02.166Z] GET http://localhost:5026/media/brand_images/carolina_herrera.webp → 200 (29ms, 5516B)
[2026-08-04T07:47:02.166Z] GET http://localhost:5026/media/brand_images/cartier.webp → 200 (31ms, 4122B)
[2026-08-04T07:47:02.166Z] GET http://localhost:5026/media/brand_images/chanel.webp → 200 (31ms, 3410B)
[2026-08-04T07:47:02.166Z] GET http://localhost:5026/media/brand_images/chloe.webp → 200 (32ms, 3460B)
[2026-08-04T07:47:02.166Z] GET http://localhost:5026/media/brand_images/clinique.webp → 200 (32ms, 52502B)
[2026-08-04T07:47:02.166Z] GET http://localhost:5026/media/brand_images/clive_christian.webp → 200 (32ms, 5012B)
[2026-08-04T07:47:02.166Z] GET http://localhost:5026/media/brand_images/coach.webp → 200 (38ms, 1656B)
[2026-08-04T07:47:02.167Z] GET http://localhost:5026/media/brand_images/comme_des_garcons.webp → 200 (37ms, 3076B)
[2026-08-04T07:47:02.167Z] GET http://localhost:5026/media/brand_images/costume_national.webp → 200 (37ms, 2256B)
[2026-08-04T07:47:02.167Z] GET http://localhost:5026/media/brand_images/creed.webp → 200 (43ms, 3992B)
[2026-08-04T07:47:02.167Z] GET http://localhost:5026/media/brand_images/davidoff.webp → 200 (41ms, 3986B)
[2026-08-04T07:47:02.167Z] GET http://localhost:5026/media/brand_images/dior.webp → 200 (41ms, 11896B)
[2026-08-04T07:47:02.167Z] GET http://localhost:5026/media/brand_images/diptyque.webp → 200 (43ms, 4250B)
[2026-08-04T07:47:02.167Z] GET http://localhost:5026/media/brand_images/dkny.webp → 200 (43ms, 1772B)
[2026-08-04T07:47:02.167Z] GET http://localhost:5026/media/brand_images/dolce_gabbana.webp → 200 (41ms, 2922B)
[2026-08-04T07:47:02.167Z] GET http://localhost:5026/media/brand_images/electimuss.webp → 200 (46ms, 15316B)
[2026-08-04T07:47:02.167Z] GET http://localhost:5026/media/brand_images/elie_saab.webp → 200 (46ms, 17688B)
[2026-08-04T07:47:02.167Z] GET http://localhost:5026/media/brand_images/elizabeth_arden.webp → 200 (46ms, 3506B)
[2026-08-04T07:47:02.167Z] GET http://localhost:5026/media/brand_images/emir.webp → 200 (46ms, 1164B)
[2026-08-04T07:47:02.167Z] GET http://localhost:5026/media/brand_images/escentric_molecules.webp → 200 (48ms, 5382B)
[2026-08-04T07:47:02.167Z] GET http://localhost:5026/media/brand_images/essential_parfums.webp → 200 (48ms, 14754B)
[2026-08-04T07:47:02.168Z] GET http://localhost:5026/media/brand_images/etat_libre_d_orange.webp → 200 (49ms, 3808B)
[2026-08-04T07:47:02.168Z] GET http://localhost:5026/media/brand_images/ex_nihilo.webp → 200 (49ms, 2764B)
[2026-08-04T07:47:02.168Z] GET http://localhost:5026/media/brand_images/fragrance_du_bois.webp → 200 (50ms, 6326B)
[2026-08-04T07:47:02.168Z] GET http://localhost:5026/media/brand_images/fragrance_world.webp → 200 (50ms, 65960B)
[2026-08-04T07:47:02.168Z] GET http://localhost:5026/media/brand_images/frederic_malle_editions_de_parfums.webp → 200 (50ms, 6538B)
[2026-08-04T07:47:02.168Z] GET http://localhost:5026/media/brand_images/french_avenue.webp → 200 (54ms, 10394B)
[2026-08-04T07:47:02.168Z] GET http://localhost:5026/media/brand_images/fueguia_1833.webp → 200 (55ms, 11990B)
[2026-08-04T07:47:02.168Z] GET http://localhost:5026/media/brand_images/giardini_di_toscana.webp → 200 (55ms, 17040B)
[2026-08-04T07:47:02.168Z] GET http://localhost:5026/media/brand_images/giorgio_armani.webp → 200 (55ms, 3368B)
[2026-08-04T07:47:02.168Z] GET http://localhost:5026/media/brand_images/givenchy.webp → 200 (55ms, 2648B)
[2026-08-04T07:47:02.168Z] GET http://localhost:5026/media/brand_images/gritti.webp → 200 (55ms, 16516B)
[2026-08-04T07:47:02.168Z] GET http://localhost:5026/media/brand_images/gucci.webp → 200 (55ms, 2424B)
[2026-08-04T07:47:02.168Z] GET http://localhost:5026/media/brand_images/guerlain.webp → 200 (56ms, 2112B)
[2026-08-04T07:47:02.168Z] GET http://localhost:5026/media/brand_images/guess.webp → 200 (56ms, 4670B)
[2026-08-04T07:47:02.168Z] GET http://localhost:5026/media/brand_images/halloween.webp → 200 (56ms, 1694B)
[2026-08-04T07:47:02.168Z] GET http://localhost:5026/media/brand_images/haute_fragrance_company.webp → 200 (56ms, 2960B)
[2026-08-04T07:47:02.168Z] GET http://localhost:5026/media/brand_images/hermes.webp → 200 (56ms, 5368B)
[2026-08-04T07:47:02.169Z] GET http://localhost:5026/media/brand_images/houbigant.webp → 200 (55ms, 7226B)
[2026-08-04T07:47:02.169Z] GET http://localhost:5026/media/brand_images/hugo_boss.webp → 200 (56ms, 3906B)
[2026-08-04T07:47:02.169Z] GET http://localhost:5026/media/brand_images/initio_parfums_prives.webp → 200 (56ms, 2946B)
[2026-08-04T07:47:02.169Z] GET http://localhost:5026/media/brand_images/issey_miyake.webp → 200 (56ms, 1788B)
[2026-08-04T07:47:02.169Z] GET http://localhost:5026/media/brand_images/jaguar.webp → 200 (56ms, 3808B)
[2026-08-04T07:47:02.169Z] GET http://localhost:5026/media/brand_images/jean_paul_gaultier.webp → 200 (56ms, 5564B)
[2026-08-04T07:47:02.169Z] GET http://localhost:5026/media/brand_images/jimmy_choo.webp → 200 (56ms, 2854B)
[2026-08-04T07:47:02.169Z] GET http://localhost:5026/media/brand_images/jo_malone_london.webp → 200 (57ms, 8896B)
[2026-08-04T07:47:02.169Z] GET http://localhost:5026/media/brand_images/joop.webp → 200 (57ms, 2446B)
[2026-08-04T07:47:02.169Z] GET http://localhost:5026/media/brand_images/juliette_has_a_gun.webp → 200 (57ms, 7438B)
[2026-08-04T07:47:02.169Z] GET http://localhost:5026/media/brand_images/kajal.webp → 200 (57ms, 6014B)
[2026-08-04T07:47:02.169Z] GET http://localhost:5026/media/brand_images/kayali_fragrances.webp → 200 (57ms, 4014B)
[2026-08-04T07:47:02.169Z] GET http://localhost:5026/media/brand_images/kenzo.webp → 200 (57ms, 1904B)
[2026-08-04T07:47:02.169Z] GET http://localhost:5026/media/brand_images/khadlaj_perfumes.webp → 200 (58ms, 4108B)
[2026-08-04T07:47:02.169Z] GET http://localhost:5026/media/brand_images/korloff_paris.webp → 200 (58ms, 8878B)
[2026-08-04T07:47:02.170Z] GET http://localhost:5026/media/brand_images/kylie_jenner.webp → 200 (57ms, 3952B)
[2026-08-04T07:47:02.170Z] GET http://localhost:5026/media/brand_images/l_artisan_parfumeur.webp → 200 (57ms, 2616B)
[2026-08-04T07:47:02.170Z] GET http://localhost:5026/media/brand_images/lalique.webp → 200 (57ms, 2114B)
[2026-08-04T07:47:02.170Z] GET http://localhost:5026/media/brand_images/lancaster.webp → 200 (57ms, 3000B)
[2026-08-04T07:47:02.171Z] GET http://localhost:5026/media/brand_images/lancome.webp → 200 (57ms, 3510B)
[2026-08-04T07:47:02.171Z] GET http://localhost:5026/media/brand_images/lattafa_perfumes.webp → 200 (57ms, 6906B)
[2026-08-04T07:47:02.171Z] GET http://localhost:5026/media/brand_images/laura_biagiotti.webp → 200 (57ms, 3026B)
[2026-08-04T07:47:02.171Z] GET http://localhost:5026/media/brand_images/le_labo.webp → 200 (57ms, 4828B)
[2026-08-04T07:47:02.171Z] GET http://localhost:5026/media/brand_images/liquides_imaginaires.webp → 200 (57ms, 3940B)
[2026-08-04T07:47:02.171Z] GET http://localhost:5026/media/brand_images/loewe.webp → 200 (57ms, 10190B)
[2026-08-04T07:47:02.171Z] GET http://localhost:5026/media/brand_images/lorenzo_pazzaglia.webp → 200 (57ms, 12846B)
[2026-08-04T07:47:02.171Z] GET http://localhost:5026/media/brand_images/louis_vuitton.webp → 200 (57ms, 4010B)
[2026-08-04T07:47:02.171Z] GET http://localhost:5026/media/brand_images/maison_alhambra.webp → 200 (58ms, 18218B)
[2026-08-04T07:47:02.171Z] GET http://localhost:5026/media/brand_images/maison_crivelli.webp → 200 (58ms, 12804B)
[2026-08-04T07:47:02.172Z] GET http://localhost:5026/media/brand_images/maison_francis_kurkdjian.webp → 200 (57ms, 4532B)
[2026-08-04T07:47:02.172Z] GET http://localhost:5026/media/brand_images/maison_martin_margiela.webp → 200 (57ms, 3812B)
[2026-08-04T07:47:02.172Z] GET http://localhost:5026/media/brand_images/mancera.webp → 200 (57ms, 3236B)
[2026-08-04T07:47:02.172Z] GET http://localhost:5026/media/brand_images/marc_jacobs.webp → 200 (57ms, 1472B)
[2026-08-04T07:47:02.172Z] GET http://localhost:5026/media/brand_images/marc_antoine_barrois.webp → 200 (57ms, 2206B)
[2026-08-04T07:47:02.172Z] GET http://localhost:5026/media/brand_images/masque_milano.webp → 200 (57ms, 3626B)
[2026-08-04T07:47:02.172Z] GET http://localhost:5026/media/brand_images/matiere_premiere.webp → 200 (58ms, 3242B)
[2026-08-04T07:47:02.172Z] GET http://localhost:5026/media/brand_images/memo_paris.webp → 200 (58ms, 9792B)
[2026-08-04T07:47:02.172Z] GET http://localhost:5026/media/brand_images/memoize_london.webp → 200 (58ms, 4228B)
[2026-08-04T07:47:02.172Z] GET http://localhost:5026/media/brand_images/michael_kors.webp → 200 (58ms, 50118B)
[2026-08-04T07:47:06.006Z] GET http://localhost:5026/media/brand_images/mizensir.webp → 200 (3ms, 1870B)
[2026-08-04T07:47:06.006Z] GET http://localhost:5026/media/brand_images/montale.webp → 200 (2ms, 2324B)
[2026-08-04T07:47:06.006Z] GET http://localhost:5026/media/brand_images/montblanc.webp → 200 (3ms, 3680B)
[2026-08-04T07:47:06.006Z] GET http://localhost:5026/media/brand_images/moschino.webp → 200 (2ms, 3982B)
[2026-08-04T07:47:06.006Z] GET http://localhost:5026/media/brand_images/mugler.webp → 200 (2ms, 2134B)
[2026-08-04T07:47:32.407Z] GET http://localhost:3000/marka → 200 (34ms, 6562B)
[2026-08-04T07:47:32.445Z] GET http://localhost:3000/_next/static/chunks/src_perfume-comparer-web_src_app_globals_1kowgbp.css → 200 (4ms, ?B)
[2026-08-04T07:47:32.445Z] GET http://localhost:3000/_next/static/chunks/%5Bturbopack%5D_browser_dev_hmr-client_hmr-client_ts_0b4hjvo._.js → 200 (6ms, ?B)
[2026-08-04T07:47:32.446Z] GET http://localhost:3000/_next/static/chunks/01d5_next_dist_compiled_next-devtools_index_07ycjaq.js → 200 (21ms, ?B)
[2026-08-04T07:47:32.446Z] GET http://localhost:3000/_next/static/chunks/01d5_next_dist_compiled_react-dom_0-xmo_9._.js → 200 (18ms, ?B)
[2026-08-04T07:47:32.446Z] GET http://localhost:3000/_next/static/chunks/01d5_next_dist_compiled_react-server-dom-turbopack_1cdelyf._.js → 200 (11ms, ?B)
[2026-08-04T07:47:32.446Z] GET http://localhost:3000/_next/static/chunks/01d5_next_dist_compiled_0z2j911._.js → 200 (20ms, ?B)
[2026-08-04T07:47:32.446Z] GET http://localhost:3000/_next/static/chunks/01d5_next_dist_client_00b162t._.js → 200 (24ms, ?B)
[2026-08-04T07:47:32.446Z] GET http://localhost:3000/_next/static/chunks/01d5_next_dist_1t1vbm1._.js → 200 (21ms, ?B)
[2026-08-04T07:47:32.446Z] GET http://localhost:3000/_next/static/chunks/01d5_%40swc_helpers_cjs_0-dwtys._.js → 200 (22ms, ?B)
[2026-08-04T07:47:32.447Z] GET http://localhost:3000/_next/static/chunks/src_perfume-comparer-web_1anvha4._.js → 200 (20ms, ?B)
[2026-08-04T07:47:32.447Z] GET http://localhost:3000/_next/static/chunks/turbopack-src_perfume-comparer-web_1w_cc43._.js → 200 (21ms, ?B)
[2026-08-04T07:47:32.447Z] GET http://localhost:3000/_next/static/chunks/src_perfume-comparer-web_src_0hxx-ed._.js → 200 (34ms, ?B)
[2026-08-04T07:47:32.447Z] GET http://localhost:3000/_next/static/chunks/01d5_next_18t8uho._.js → 200 (35ms, ?B)
[2026-08-04T07:47:32.447Z] GET http://localhost:3000/_next/static/chunks/src_perfume-comparer-web_src_app_layout_tsx_0zdms-1._.js → 200 (33ms, ?B)
[2026-08-04T07:47:32.447Z] GET http://localhost:3000/_next/static/chunks/src_perfume-comparer-web_src_1js13tr._.js → 200 (34ms, ?B)
[2026-08-04T07:47:32.447Z] GET http://localhost:3000/_next/static/chunks/src_perfume-comparer-web_src_app_marka_page_tsx_1zjgrze._.js → 200 (34ms, ?B)
[2026-08-04T07:47:32.447Z] GET http://localhost:3000/_next/static/chunks/01d5_next_dist_client_components_builtin_global-error_1zjgrze.js → 200 (35ms, ?B)
[2026-08-04T07:47:32.477Z] GET http://localhost:3000/_next/static/chunks/%5Bturbopack%5D_browser_dev_hmr-client_hmr-client_ts_1mojsay._.js → 200 (6ms, ?B)
[2026-08-04T07:47:32.478Z] GET http://localhost:3000/_next/static/chunks/%5Bturbopack%5D_browser_dev_hmr-client_hmr-client_ts_1hbh5nd._.js → 200 (5ms, ?B)
[2026-08-04T07:47:32.502Z] GET http://localhost:5026/api/brands → 200 (2ms, 22987B)
[2026-08-04T07:47:32.541Z] GET http://localhost:5026/media/brand_images/abercrombie_fitch.webp → 200 (1ms, -214B)
[2026-08-04T07:47:32.542Z] GET http://localhost:5026/media/brand_images/acqua_di_parma.webp → 200 (?ms, -214B)
[2026-08-04T07:47:32.542Z] GET http://localhost:5026/media/brand_images/adidas.webp → 200 (?ms, -214B)
[2026-08-04T07:47:32.542Z] GET http://localhost:5026/media/brand_images/afnan.webp → 200 (?ms, -215B)
[2026-08-04T07:47:32.542Z] GET http://localhost:5026/media/brand_images/ahmed_al_maghribi.webp → 200 (?ms, -214B)
[2026-08-04T07:47:32.543Z] GET http://localhost:5026/media/brand_images/ajmal.webp → 200 (?ms, -214B)
[2026-08-04T07:47:32.543Z] GET http://localhost:5026/media/brand_images/al_haramain_perfumes.webp → 200 (?ms, -215B)
[2026-08-04T07:47:32.543Z] GET http://localhost:5026/media/brand_images/alvarez_gomez.webp → 200 (?ms, -215B)
[2026-08-04T07:47:32.543Z] GET http://localhost:5026/media/brand_images/amouage.webp → 200 (?ms, -214B)
[2026-08-04T07:47:32.543Z] GET http://localhost:5026/media/brand_images/antonio_banderas.webp → 200 (1ms, -214B)
[2026-08-04T07:47:32.544Z] GET http://localhost:5026/media/brand_images/arabiyat.webp → 200 (?ms, -214B)
[2026-08-04T07:47:32.544Z] GET http://localhost:5026/media/brand_images/ard_al_zaafaran.webp → 200 (?ms, -215B)
[2026-08-04T07:47:32.544Z] GET http://localhost:5026/media/brand_images/armaf.webp → 200 (?ms, -215B)
[2026-08-04T07:47:32.544Z] GET http://localhost:5026/media/brand_images/atelier_cologne.webp → 200 (?ms, -214B)
[2026-08-04T07:47:32.549Z] GET http://localhost:5026/media/brand_images/atkinsons.webp → 200 (?ms, -214B)
[2026-08-04T07:47:32.549Z] GET http://localhost:5026/media/brand_images/azzaro.webp → 200 (1ms, -215B)
[2026-08-04T07:47:32.550Z] GET http://localhost:5026/media/brand_images/bath_body_works.webp → 200 (?ms, -215B)
[2026-08-04T07:47:32.551Z] GET http://localhost:5026/media/brand_images/bdk_parfums.webp → 200 (?ms, -214B)
[2026-08-04T07:47:32.551Z] GET http://localhost:5026/media/brand_images/benetton.webp → 200 (5ms, -215B)
[2026-08-04T07:47:32.556Z] GET http://localhost:5026/media/brand_images/beso_beach.webp → 200 (?ms, -214B)
[2026-08-04T07:47:32.557Z] GET http://localhost:5026/media/brand_images/boadicea_the_victorious.webp → 200 (?ms, -214B)
[2026-08-04T07:47:32.557Z] GET http://localhost:5026/media/brand_images/bond_no_9.webp → 200 (?ms, -214B)
[2026-08-04T07:47:32.557Z] GET http://localhost:5026/media/brand_images/burberry.webp → 200 (?ms, -214B)
[2026-08-04T07:47:32.557Z] GET http://localhost:5026/media/brand_images/bvlgari.webp → 200 (?ms, -214B)
[2026-08-04T07:47:32.557Z] GET http://localhost:5026/media/brand_images/by_kilian.webp → 200 (?ms, -214B)
[2026-08-04T07:47:32.557Z] GET http://localhost:5026/media/brand_images/byredo.webp → 200 (?ms, -214B)
[2026-08-04T07:47:32.558Z] GET http://localhost:5026/media/brand_images/cacharel.webp → 200 (?ms, -214B)
[2026-08-04T07:47:32.558Z] GET http://localhost:5026/media/brand_images/calvin_klein.webp → 200 (?ms, -214B)
[2026-08-04T07:47:32.558Z] GET http://localhost:5026/media/brand_images/carner_barcelona.webp → 200 (?ms, -214B)
[2026-08-04T07:47:32.558Z] GET http://localhost:5026/media/brand_images/carolina_herrera.webp → 200 (?ms, -214B)
[2026-08-04T07:47:32.558Z] GET http://localhost:5026/media/brand_images/cartier.webp → 200 (?ms, -214B)
[2026-08-04T07:47:32.558Z] GET http://localhost:5026/media/brand_images/chanel.webp → 200 (?ms, -214B)
[2026-08-04T07:47:32.559Z] GET http://localhost:5026/media/brand_images/chloe.webp → 200 (?ms, -214B)
[2026-08-04T07:47:32.559Z] GET http://localhost:5026/media/brand_images/clinique.webp → 200 (?ms, -215B)
[2026-08-04T07:47:32.559Z] GET http://localhost:5026/media/brand_images/clive_christian.webp → 200 (?ms, -214B)
[2026-08-04T07:47:32.560Z] GET http://localhost:5026/media/brand_images/coach.webp → 200 (?ms, -214B)
[2026-08-04T07:47:32.560Z] GET http://localhost:5026/media/brand_images/comme_des_garcons.webp → 200 (?ms, -214B)
[2026-08-04T07:47:32.560Z] GET http://localhost:5026/media/brand_images/costume_national.webp → 200 (?ms, -214B)
[2026-08-04T07:47:32.561Z] GET http://localhost:5026/media/brand_images/creed.webp → 200 (?ms, -214B)
[2026-08-04T07:47:32.561Z] GET http://localhost:5026/media/brand_images/davidoff.webp → 200 (?ms, -214B)
[2026-08-04T07:47:32.561Z] GET http://localhost:5026/media/brand_images/dior.webp → 200 (?ms, -215B)
[2026-08-04T07:47:32.562Z] GET http://localhost:5026/media/brand_images/diptyque.webp → 200 (?ms, -214B)
[2026-08-04T07:47:32.562Z] GET http://localhost:5026/media/brand_images/dkny.webp → 200 (1ms, -214B)
[2026-08-04T07:47:32.563Z] GET http://localhost:5026/media/brand_images/dolce_gabbana.webp → 200 (?ms, -214B)
[2026-08-04T07:47:32.563Z] GET http://localhost:5026/media/brand_images/electimuss.webp → 200 (?ms, -215B)
[2026-08-04T07:47:32.563Z] GET http://localhost:5026/media/brand_images/elie_saab.webp → 200 (1ms, -215B)
[2026-08-04T07:47:32.564Z] GET http://localhost:5026/media/brand_images/elizabeth_arden.webp → 200 (?ms, -214B)
[2026-08-04T07:47:32.564Z] GET http://localhost:5026/media/brand_images/emir.webp → 200 (?ms, -214B)
[2026-08-04T07:47:32.564Z] GET http://localhost:5026/media/brand_images/escentric_molecules.webp → 200 (?ms, -214B)
[2026-08-04T07:47:32.564Z] GET http://localhost:5026/media/brand_images/essential_parfums.webp → 200 (?ms, -215B)
[2026-08-04T07:47:32.565Z] GET http://localhost:5026/media/brand_images/etat_libre_d_orange.webp → 200 (?ms, -214B)
[2026-08-04T07:47:32.565Z] GET http://localhost:5026/media/brand_images/ex_nihilo.webp → 200 (?ms, -214B)
[2026-08-04T07:47:32.565Z] GET http://localhost:5026/media/brand_images/fragrance_du_bois.webp → 200 (?ms, -214B)
[2026-08-04T07:47:32.565Z] GET http://localhost:5026/media/brand_images/fragrance_world.webp → 200 (?ms, -215B)
[2026-08-04T07:47:32.565Z] GET http://localhost:5026/media/brand_images/frederic_malle_editions_de_parfums.webp → 200 (?ms, -214B)
[2026-08-04T07:47:32.565Z] GET http://localhost:5026/media/brand_images/french_avenue.webp → 200 (?ms, -215B)
[2026-08-04T07:47:32.566Z] GET http://localhost:5026/media/brand_images/fueguia_1833.webp → 200 (?ms, -215B)
[2026-08-04T07:47:32.566Z] GET http://localhost:5026/media/brand_images/giardini_di_toscana.webp → 200 (?ms, -215B)
[2026-08-04T07:47:32.566Z] GET http://localhost:5026/media/brand_images/giorgio_armani.webp → 200 (?ms, -214B)
[2026-08-04T07:47:32.566Z] GET http://localhost:5026/media/brand_images/givenchy.webp → 200 (?ms, -214B)
[2026-08-04T07:47:32.566Z] GET http://localhost:5026/media/brand_images/gritti.webp → 200 (?ms, -215B)
[2026-08-04T07:47:32.566Z] GET http://localhost:5026/media/brand_images/gucci.webp → 200 (?ms, -214B)
[2026-08-04T07:47:32.567Z] GET http://localhost:5026/media/brand_images/guerlain.webp → 200 (?ms, -214B)
[2026-08-04T07:47:32.567Z] GET http://localhost:5026/media/brand_images/guess.webp → 200 (?ms, -214B)
[2026-08-04T07:47:32.567Z] GET http://localhost:5026/media/brand_images/halloween.webp → 200 (?ms, -214B)
[2026-08-04T07:47:32.567Z] GET http://localhost:5026/media/brand_images/haute_fragrance_company.webp → 200 (?ms, -214B)
[2026-08-04T07:47:32.567Z] GET http://localhost:5026/media/brand_images/hermes.webp → 200 (?ms, -214B)
[2026-08-04T07:47:32.567Z] GET http://localhost:5026/media/brand_images/houbigant.webp → 200 (?ms, -214B)
[2026-08-04T07:47:32.567Z] GET http://localhost:5026/media/brand_images/hugo_boss.webp → 200 (?ms, -214B)
[2026-08-04T07:47:32.568Z] GET http://localhost:5026/media/brand_images/initio_parfums_prives.webp → 200 (?ms, -214B)
[2026-08-04T07:47:32.568Z] GET http://localhost:5026/media/brand_images/issey_miyake.webp → 200 (?ms, -214B)
[2026-08-04T07:47:32.568Z] GET http://localhost:5026/media/brand_images/jaguar.webp → 200 (?ms, -214B)
[2026-08-04T07:47:32.568Z] GET http://localhost:5026/media/brand_images/jean_paul_gaultier.webp → 200 (?ms, -214B)
[2026-08-04T07:47:32.568Z] GET http://localhost:5026/media/brand_images/jimmy_choo.webp → 200 (?ms, -214B)
[2026-08-04T07:47:32.569Z] GET http://localhost:5026/media/brand_images/jo_malone_london.webp → 200 (?ms, -214B)
[2026-08-04T07:47:32.569Z] GET http://localhost:5026/media/brand_images/joop.webp → 200 (?ms, -214B)
[2026-08-04T07:47:32.569Z] GET http://localhost:5026/media/brand_images/juliette_has_a_gun.webp → 200 (?ms, -214B)
[2026-08-04T07:47:32.569Z] GET http://localhost:5026/media/brand_images/kajal.webp → 200 (?ms, -214B)
[2026-08-04T07:47:32.569Z] GET http://localhost:5026/media/brand_images/kayali_fragrances.webp → 200 (?ms, -214B)
[2026-08-04T07:47:32.570Z] GET http://localhost:5026/media/brand_images/kenzo.webp → 200 (?ms, -214B)
[2026-08-04T07:47:32.570Z] GET http://localhost:5026/media/brand_images/khadlaj_perfumes.webp → 200 (?ms, -214B)
[2026-08-04T07:47:32.570Z] GET http://localhost:5026/media/brand_images/korloff_paris.webp → 200 (?ms, -214B)
[2026-08-04T07:47:32.570Z] GET http://localhost:5026/media/brand_images/kylie_jenner.webp → 200 (?ms, -214B)
[2026-08-04T07:47:32.570Z] GET http://localhost:5026/media/brand_images/l_artisan_parfumeur.webp → 200 (?ms, -214B)
[2026-08-04T07:47:32.570Z] GET http://localhost:5026/media/brand_images/lalique.webp → 200 (1ms, -214B)
[2026-08-04T07:47:32.571Z] GET http://localhost:5026/media/brand_images/lancaster.webp → 200 (?ms, -214B)
[2026-08-04T07:47:32.571Z] GET http://localhost:5026/media/brand_images/lancome.webp → 200 (?ms, -214B)
[2026-08-04T07:47:32.571Z] GET http://localhost:5026/media/brand_images/lattafa_perfumes.webp → 200 (2ms, -214B)
[2026-08-04T07:47:32.573Z] GET http://localhost:5026/media/brand_images/laura_biagiotti.webp → 200 (?ms, -214B)
[2026-08-04T07:47:32.573Z] GET http://localhost:5026/media/brand_images/le_labo.webp → 200 (?ms, -214B)
[2026-08-04T07:47:32.573Z] GET http://localhost:5026/media/brand_images/liquides_imaginaires.webp → 200 (3ms, -214B)
[2026-08-04T07:47:32.576Z] GET http://localhost:5026/media/brand_images/loewe.webp → 200 (?ms, -215B)
[2026-08-04T07:47:32.577Z] GET http://localhost:5026/media/brand_images/lorenzo_pazzaglia.webp → 200 (?ms, -215B)
[2026-08-04T07:47:32.577Z] GET http://localhost:5026/media/brand_images/louis_vuitton.webp → 200 (?ms, -214B)
[2026-08-04T07:47:32.577Z] GET http://localhost:5026/media/brand_images/maison_alhambra.webp → 200 (?ms, -215B)
[2026-08-04T07:47:32.577Z] GET http://localhost:5026/media/brand_images/maison_crivelli.webp → 200 (?ms, -215B)
[2026-08-04T07:47:32.577Z] GET http://localhost:5026/media/brand_images/maison_francis_kurkdjian.webp → 200 (1ms, -214B)
[2026-08-04T07:47:32.578Z] GET http://localhost:5026/media/brand_images/maison_martin_margiela.webp → 200 (?ms, -214B)
[2026-08-04T07:47:32.578Z] GET http://localhost:5026/media/brand_images/mancera.webp → 200 (?ms, -214B)
[2026-08-04T07:47:32.578Z] GET http://localhost:5026/media/brand_images/marc_jacobs.webp → 200 (2ms, -214B)
[2026-08-04T07:47:32.580Z] GET http://localhost:5026/media/brand_images/marc_antoine_barrois.webp → 200 (?ms, -214B)
[2026-08-04T07:47:32.581Z] GET http://localhost:5026/media/brand_images/masque_milano.webp → 200 (?ms, -214B)
[2026-08-04T07:47:32.581Z] GET http://localhost:5026/media/brand_images/matiere_premiere.webp → 200 (?ms, -214B)
[2026-08-04T07:47:32.581Z] GET http://localhost:5026/media/brand_images/memo_paris.webp → 200 (?ms, -214B)
[2026-08-04T07:47:32.581Z] GET http://localhost:5026/media/brand_images/memoize_london.webp → 200 (?ms, -214B)
[2026-08-04T07:47:32.581Z] GET http://localhost:5026/media/brand_images/michael_kors.webp → 200 (1ms, -215B)
[2026-08-04T07:47:32.582Z] GET http://localhost:5026/media/brand_images/mizensir.webp → 200 (?ms, -214B)
[2026-08-04T07:47:32.582Z] GET http://localhost:5026/media/brand_images/montale.webp → 200 (?ms, -214B)
[2026-08-04T07:47:32.582Z] GET http://localhost:5026/media/brand_images/montblanc.webp → 200 (?ms, -214B)
[2026-08-04T07:47:32.582Z] GET http://localhost:5026/media/brand_images/moschino.webp → 200 (?ms, -214B)
[2026-08-04T07:47:32.583Z] GET http://localhost:5026/media/brand_images/mugler.webp → 200 (?ms, -214B)
[2026-08-04T07:48:25.846Z] GET http://localhost:3000/_next/static/chunks/src_perfume-comparer-web_src_app_globals_1kowgbp.css → 200 (4ms, 8440B)
[2026-08-04T07:48:35.480Z] GET http://localhost:3000/marka → 200 (47ms, 6562B)
[2026-08-04T07:48:35.531Z] GET http://localhost:3000/_next/static/chunks/src_perfume-comparer-web_src_app_globals_1kowgbp.css → 304 (4ms, ?B)
[2026-08-04T07:48:35.531Z] GET http://localhost:3000/_next/static/chunks/%5Bturbopack%5D_browser_dev_hmr-client_hmr-client_ts_0b4hjvo._.js → 200 (5ms, ?B)
[2026-08-04T07:48:35.531Z] GET http://localhost:3000/_next/static/chunks/01d5_next_dist_compiled_next-devtools_index_07ycjaq.js → 200 (20ms, ?B)
[2026-08-04T07:48:35.531Z] GET http://localhost:3000/_next/static/chunks/01d5_next_dist_compiled_react-dom_0-xmo_9._.js → 200 (30ms, ?B)
[2026-08-04T07:48:35.531Z] GET http://localhost:3000/_next/static/chunks/01d5_next_dist_compiled_react-server-dom-turbopack_1cdelyf._.js → 200 (16ms, ?B)
[2026-08-04T07:48:35.532Z] GET http://localhost:3000/_next/static/chunks/01d5_next_dist_compiled_0z2j911._.js → 200 (8ms, ?B)
[2026-08-04T07:48:35.532Z] GET http://localhost:3000/_next/static/chunks/01d5_next_dist_client_00b162t._.js → 200 (18ms, ?B)
[2026-08-04T07:48:35.535Z] GET http://localhost:3000/_next/static/chunks/01d5_next_dist_1t1vbm1._.js → 200 (12ms, ?B)
[2026-08-04T07:48:35.535Z] GET http://localhost:3000/_next/static/chunks/01d5_%40swc_helpers_cjs_0-dwtys._.js → 200 (12ms, ?B)
[2026-08-04T07:48:35.535Z] GET http://localhost:3000/_next/static/chunks/src_perfume-comparer-web_1anvha4._.js → 200 (17ms, ?B)
[2026-08-04T07:48:35.535Z] GET http://localhost:3000/_next/static/chunks/turbopack-src_perfume-comparer-web_1w_cc43._.js → 200 (28ms, ?B)
[2026-08-04T07:48:35.535Z] GET http://localhost:3000/_next/static/chunks/src_perfume-comparer-web_src_0hxx-ed._.js → 200 (28ms, ?B)
[2026-08-04T07:48:35.535Z] GET http://localhost:3000/_next/static/chunks/01d5_next_18t8uho._.js → 200 (32ms, ?B)
[2026-08-04T07:48:35.535Z] GET http://localhost:3000/_next/static/chunks/src_perfume-comparer-web_src_app_layout_tsx_0zdms-1._.js → 200 (29ms, ?B)
[2026-08-04T07:48:35.535Z] GET http://localhost:3000/_next/static/chunks/src_perfume-comparer-web_src_1js13tr._.js → 200 (33ms, ?B)
[2026-08-04T07:48:35.535Z] GET http://localhost:3000/_next/static/chunks/src_perfume-comparer-web_src_app_marka_page_tsx_1zjgrze._.js → 200 (33ms, ?B)
[2026-08-04T07:48:35.535Z] GET http://localhost:3000/_next/static/chunks/01d5_next_dist_client_components_builtin_global-error_1zjgrze.js → 200 (33ms, ?B)
[2026-08-04T07:48:35.566Z] GET http://localhost:3000/_next/static/chunks/%5Bturbopack%5D_browser_dev_hmr-client_hmr-client_ts_1mojsay._.js → 200 (4ms, ?B)
[2026-08-04T07:48:35.567Z] GET http://localhost:3000/_next/static/chunks/%5Bturbopack%5D_browser_dev_hmr-client_hmr-client_ts_1hbh5nd._.js → 200 (3ms, ?B)
[2026-08-04T07:48:35.594Z] GET http://localhost:5026/api/brands → pending (?ms, ?B)
[2026-08-04T07:48:35.636Z] GET http://localhost:5026/media/brand_images/abercrombie_fitch.webp → 200 (?ms, -214B)
[2026-08-04T07:48:35.636Z] GET http://localhost:5026/media/brand_images/acqua_di_parma.webp → 200 (?ms, -214B)
[2026-08-04T07:48:35.636Z] GET http://localhost:5026/media/brand_images/adidas.webp → 200 (?ms, -214B)
[2026-08-04T07:48:35.636Z] GET http://localhost:5026/media/brand_images/afnan.webp → 200 (?ms, -215B)
[2026-08-04T07:48:35.636Z] GET http://localhost:5026/media/brand_images/ahmed_al_maghribi.webp → 200 (1ms, -214B)
[2026-08-04T07:48:35.637Z] GET http://localhost:5026/media/brand_images/ajmal.webp → 200 (?ms, -214B)
[2026-08-04T07:48:35.637Z] GET http://localhost:5026/media/brand_images/al_haramain_perfumes.webp → 200 (?ms, -215B)
[2026-08-04T07:48:35.637Z] GET http://localhost:5026/media/brand_images/alvarez_gomez.webp → 200 (?ms, -215B)
[2026-08-04T07:48:35.637Z] GET http://localhost:5026/media/brand_images/amouage.webp → 200 (?ms, -214B)
[2026-08-04T07:48:35.637Z] GET http://localhost:5026/media/brand_images/antonio_banderas.webp → 200 (?ms, -214B)
[2026-08-04T07:48:35.637Z] GET http://localhost:5026/media/brand_images/arabiyat.webp → 200 (?ms, -214B)
[2026-08-04T07:48:35.638Z] GET http://localhost:5026/media/brand_images/ard_al_zaafaran.webp → 200 (?ms, -215B)
[2026-08-04T07:48:35.638Z] GET http://localhost:5026/media/brand_images/armaf.webp → 200 (?ms, -215B)
[2026-08-04T07:48:35.638Z] GET http://localhost:5026/media/brand_images/atelier_cologne.webp → 200 (?ms, -214B)
[2026-08-04T07:48:35.638Z] GET http://localhost:5026/media/brand_images/atkinsons.webp → 200 (?ms, -214B)
[2026-08-04T07:48:35.638Z] GET http://localhost:5026/media/brand_images/azzaro.webp → 200 (?ms, -215B)
[2026-08-04T07:48:35.638Z] GET http://localhost:5026/media/brand_images/bath_body_works.webp → 200 (?ms, -215B)
[2026-08-04T07:48:35.638Z] GET http://localhost:5026/media/brand_images/bdk_parfums.webp → 200 (?ms, -214B)
[2026-08-04T07:48:35.638Z] GET http://localhost:5026/media/brand_images/benetton.webp → 200 (?ms, -215B)
[2026-08-04T07:48:35.638Z] GET http://localhost:5026/media/brand_images/beso_beach.webp → 200 (1ms, -214B)
[2026-08-04T07:48:35.639Z] GET http://localhost:5026/media/brand_images/boadicea_the_victorious.webp → 200 (?ms, -214B)
[2026-08-04T07:48:35.639Z] GET http://localhost:5026/media/brand_images/bond_no_9.webp → 200 (?ms, -214B)
[2026-08-04T07:48:35.639Z] GET http://localhost:5026/media/brand_images/burberry.webp → 200 (?ms, -214B)
[2026-08-04T07:48:35.639Z] GET http://localhost:5026/media/brand_images/bvlgari.webp → 200 (?ms, -214B)
[2026-08-04T07:48:35.642Z] GET http://localhost:5026/media/brand_images/by_kilian.webp → 200 (?ms, -214B)
[2026-08-04T07:48:35.642Z] GET http://localhost:5026/media/brand_images/byredo.webp → 200 (1ms, -214B)
[2026-08-04T07:48:35.643Z] GET http://localhost:5026/media/brand_images/cacharel.webp → 200 (?ms, -214B)
[2026-08-04T07:48:35.643Z] GET http://localhost:5026/media/brand_images/calvin_klein.webp → 200 (?ms, -214B)
[2026-08-04T07:48:35.643Z] GET http://localhost:5026/media/brand_images/carner_barcelona.webp → 200 (1ms, -214B)
[2026-08-04T07:48:35.644Z] GET http://localhost:5026/media/brand_images/carolina_herrera.webp → 200 (?ms, -214B)
[2026-08-04T07:48:35.644Z] GET http://localhost:5026/media/brand_images/cartier.webp → 200 (?ms, -214B)
[2026-08-04T07:48:35.644Z] GET http://localhost:5026/media/brand_images/chanel.webp → 200 (?ms, -214B)
[2026-08-04T07:48:35.644Z] GET http://localhost:5026/media/brand_images/chloe.webp → 200 (?ms, -214B)
[2026-08-04T07:48:35.644Z] GET http://localhost:5026/media/brand_images/clinique.webp → 200 (?ms, -215B)
[2026-08-04T07:48:35.644Z] GET http://localhost:5026/media/brand_images/clive_christian.webp → 200 (?ms, -214B)
[2026-08-04T07:48:35.644Z] GET http://localhost:5026/media/brand_images/coach.webp → 200 (?ms, -214B)
[2026-08-04T07:48:35.645Z] GET http://localhost:5026/media/brand_images/comme_des_garcons.webp → 200 (?ms, -214B)
[2026-08-04T07:48:35.645Z] GET http://localhost:5026/media/brand_images/costume_national.webp → 200 (?ms, -214B)
[2026-08-04T07:48:35.645Z] GET http://localhost:5026/media/brand_images/creed.webp → 200 (?ms, -214B)
[2026-08-04T07:48:35.645Z] GET http://localhost:5026/media/brand_images/davidoff.webp → 200 (?ms, -214B)
[2026-08-04T07:48:35.645Z] GET http://localhost:5026/media/brand_images/dior.webp → 200 (?ms, -215B)
[2026-08-04T07:48:35.645Z] GET http://localhost:5026/media/brand_images/diptyque.webp → 200 (1ms, -214B)
[2026-08-04T07:48:35.646Z] GET http://localhost:5026/media/brand_images/dkny.webp → 200 (?ms, -214B)
[2026-08-04T07:48:35.646Z] GET http://localhost:5026/media/brand_images/dolce_gabbana.webp → 200 (1ms, -214B)
[2026-08-04T07:48:35.648Z] GET http://localhost:5026/media/brand_images/electimuss.webp → 200 (?ms, -215B)
[2026-08-04T07:48:35.649Z] GET http://localhost:5026/media/brand_images/elie_saab.webp → 200 (?ms, -215B)
[2026-08-04T07:48:35.649Z] GET http://localhost:5026/media/brand_images/elizabeth_arden.webp → 200 (?ms, -214B)
[2026-08-04T07:48:35.649Z] GET http://localhost:5026/media/brand_images/emir.webp → 200 (?ms, -214B)
[2026-08-04T07:48:35.649Z] GET http://localhost:5026/media/brand_images/escentric_molecules.webp → 200 (?ms, -214B)
[2026-08-04T07:48:35.649Z] GET http://localhost:5026/media/brand_images/essential_parfums.webp → 200 (?ms, -215B)
[2026-08-04T07:48:35.649Z] GET http://localhost:5026/media/brand_images/etat_libre_d_orange.webp → 200 (?ms, -214B)
[2026-08-04T07:48:35.649Z] GET http://localhost:5026/media/brand_images/ex_nihilo.webp → 200 (?ms, -214B)
[2026-08-04T07:48:35.650Z] GET http://localhost:5026/media/brand_images/fragrance_du_bois.webp → 200 (?ms, -214B)
[2026-08-04T07:48:35.650Z] GET http://localhost:5026/media/brand_images/fragrance_world.webp → 200 (?ms, -215B)
[2026-08-04T07:48:35.650Z] GET http://localhost:5026/media/brand_images/frederic_malle_editions_de_parfums.webp → 200 (?ms, -214B)
[2026-08-04T07:48:35.650Z] GET http://localhost:5026/media/brand_images/french_avenue.webp → 200 (1ms, -215B)
[2026-08-04T07:48:35.651Z] GET http://localhost:5026/media/brand_images/fueguia_1833.webp → 200 (?ms, -215B)
[2026-08-04T07:48:35.651Z] GET http://localhost:5026/media/brand_images/giardini_di_toscana.webp → 200 (?ms, -215B)
[2026-08-04T07:48:35.651Z] GET http://localhost:5026/media/brand_images/giorgio_armani.webp → 200 (?ms, -214B)
[2026-08-04T07:48:35.651Z] GET http://localhost:5026/media/brand_images/givenchy.webp → 200 (?ms, -214B)
[2026-08-04T07:48:35.652Z] GET http://localhost:5026/media/brand_images/gritti.webp → 200 (?ms, -215B)
[2026-08-04T07:48:35.652Z] GET http://localhost:5026/media/brand_images/gucci.webp → 200 (4ms, -214B)
[2026-08-04T07:48:35.657Z] GET http://localhost:5026/media/brand_images/guerlain.webp → 200 (?ms, -214B)
[2026-08-04T07:48:35.657Z] GET http://localhost:5026/media/brand_images/guess.webp → 200 (?ms, -214B)
[2026-08-04T07:48:35.657Z] GET http://localhost:5026/media/brand_images/halloween.webp → 200 (1ms, -214B)
[2026-08-04T07:48:35.658Z] GET http://localhost:5026/media/brand_images/haute_fragrance_company.webp → 200 (?ms, -214B)
[2026-08-04T07:48:35.658Z] GET http://localhost:5026/media/brand_images/hermes.webp → 200 (?ms, -214B)
[2026-08-04T07:48:35.658Z] GET http://localhost:5026/media/brand_images/houbigant.webp → 200 (?ms, -214B)
[2026-08-04T07:48:35.658Z] GET http://localhost:5026/media/brand_images/hugo_boss.webp → 200 (?ms, -214B)
[2026-08-04T07:48:35.658Z] GET http://localhost:5026/media/brand_images/initio_parfums_prives.webp → 200 (?ms, -214B)
[2026-08-04T07:48:35.658Z] GET http://localhost:5026/media/brand_images/issey_miyake.webp → 200 (?ms, -214B)
[2026-08-04T07:48:35.659Z] GET http://localhost:5026/media/brand_images/jaguar.webp → 200 (?ms, -214B)
[2026-08-04T07:48:35.659Z] GET http://localhost:5026/media/brand_images/jean_paul_gaultier.webp → 200 (?ms, -214B)
[2026-08-04T07:48:35.659Z] GET http://localhost:5026/media/brand_images/jimmy_choo.webp → 200 (?ms, -214B)
[2026-08-04T07:48:35.659Z] GET http://localhost:5026/media/brand_images/jo_malone_london.webp → 200 (?ms, -214B)
[2026-08-04T07:48:35.659Z] GET http://localhost:5026/media/brand_images/joop.webp → 200 (?ms, -214B)
[2026-08-04T07:48:35.660Z] GET http://localhost:5026/media/brand_images/juliette_has_a_gun.webp → 200 (?ms, -214B)
[2026-08-04T07:48:35.660Z] GET http://localhost:5026/media/brand_images/kajal.webp → 200 (?ms, -214B)
[2026-08-04T07:48:35.660Z] GET http://localhost:5026/media/brand_images/kayali_fragrances.webp → 200 (?ms, -214B)
[2026-08-04T07:48:35.660Z] GET http://localhost:5026/media/brand_images/kenzo.webp → 200 (?ms, -214B)
[2026-08-04T07:48:35.660Z] GET http://localhost:5026/media/brand_images/khadlaj_perfumes.webp → 200 (?ms, -214B)
[2026-08-04T07:48:35.661Z] GET http://localhost:5026/media/brand_images/korloff_paris.webp → 200 (?ms, -214B)
[2026-08-04T07:48:35.661Z] GET http://localhost:5026/media/brand_images/kylie_jenner.webp → 200 (?ms, -214B)
[2026-08-04T07:48:35.661Z] GET http://localhost:5026/media/brand_images/l_artisan_parfumeur.webp → 200 (?ms, -214B)
[2026-08-04T07:48:35.661Z] GET http://localhost:5026/media/brand_images/lalique.webp → 200 (?ms, -214B)
[2026-08-04T07:48:35.661Z] GET http://localhost:5026/media/brand_images/lancaster.webp → 200 (?ms, -214B)
[2026-08-04T07:48:35.661Z] GET http://localhost:5026/media/brand_images/lancome.webp → 200 (?ms, -214B)
[2026-08-04T07:48:35.662Z] GET http://localhost:5026/media/brand_images/lattafa_perfumes.webp → 200 (?ms, -214B)
[2026-08-04T07:48:35.662Z] GET http://localhost:5026/media/brand_images/laura_biagiotti.webp → 200 (?ms, -214B)
[2026-08-04T07:48:35.662Z] GET http://localhost:5026/media/brand_images/le_labo.webp → 200 (?ms, -214B)
[2026-08-04T07:48:35.662Z] GET http://localhost:5026/media/brand_images/liquides_imaginaires.webp → 200 (?ms, -214B)
[2026-08-04T07:48:35.662Z] GET http://localhost:5026/media/brand_images/loewe.webp → 200 (?ms, -215B)
[2026-08-04T07:48:35.662Z] GET http://localhost:5026/media/brand_images/lorenzo_pazzaglia.webp → 200 (?ms, -215B)
[2026-08-04T07:48:35.662Z] GET http://localhost:5026/media/brand_images/louis_vuitton.webp → 200 (?ms, -214B)
[2026-08-04T07:48:35.662Z] GET http://localhost:5026/media/brand_images/maison_alhambra.webp → 200 (1ms, -215B)
[2026-08-04T07:48:35.663Z] GET http://localhost:5026/media/brand_images/maison_crivelli.webp → 200 (?ms, -215B)
[2026-08-04T07:48:35.663Z] GET http://localhost:5026/media/brand_images/maison_francis_kurkdjian.webp → 200 (?ms, -214B)
[2026-08-04T07:48:35.663Z] GET http://localhost:5026/media/brand_images/maison_martin_margiela.webp → 200 (?ms, -214B)
[2026-08-04T07:48:35.663Z] GET http://localhost:5026/media/brand_images/mancera.webp → 200 (?ms, -214B)
[2026-08-04T07:48:35.663Z] GET http://localhost:5026/media/brand_images/marc_jacobs.webp → 200 (?ms, -214B)
[2026-08-04T07:48:35.663Z] GET http://localhost:5026/media/brand_images/marc_antoine_barrois.webp → 200 (1ms, -214B)
[2026-08-04T07:48:35.664Z] GET http://localhost:5026/media/brand_images/masque_milano.webp → 200 (?ms, -214B)
[2026-08-04T07:48:35.664Z] GET http://localhost:5026/media/brand_images/matiere_premiere.webp → 200 (?ms, -214B)
[2026-08-04T07:48:35.664Z] GET http://localhost:5026/media/brand_images/memo_paris.webp → 200 (?ms, -214B)
[2026-08-04T07:48:35.665Z] GET http://localhost:5026/media/brand_images/memoize_london.webp → 200 (?ms, -214B)
[2026-08-04T07:48:35.665Z] GET http://localhost:5026/media/brand_images/michael_kors.webp → 200 (?ms, -215B)
[2026-08-04T07:48:35.665Z] GET http://localhost:5026/media/brand_images/mizensir.webp → 200 (?ms, -214B)
[2026-08-04T07:48:35.665Z] GET http://localhost:5026/media/brand_images/montale.webp → 200 (?ms, -214B)
[2026-08-04T07:48:35.665Z] GET http://localhost:5026/media/brand_images/montblanc.webp → 200 (1ms, -214B)
[2026-08-04T07:48:35.666Z] GET http://localhost:5026/media/brand_images/moschino.webp → 200 (?ms, -214B)
[2026-08-04T07:48:35.666Z] GET http://localhost:5026/media/brand_images/mugler.webp → 200 (?ms, -214B)
[2026-08-04T08:01:13.294Z] GET http://localhost:3000/_next/static/chunks/src_perfume-comparer-web_src_app_globals_1kowgbp.css → 200 (5ms, 8429B)
[2026-08-04T08:01:33.336Z] GET http://localhost:3000/marka/adidas → 200 (51ms, 6490B)
[2026-08-04T08:01:33.394Z] GET http://localhost:3000/_next/static/chunks/src_perfume-comparer-web_src_app_globals_1kowgbp.css → 304 (5ms, ?B)
[2026-08-04T08:01:33.394Z] GET http://localhost:3000/_next/static/chunks/%5Bturbopack%5D_browser_dev_hmr-client_hmr-client_ts_0b4hjvo._.js → 200 (14ms, ?B)
[2026-08-04T08:01:33.395Z] GET http://localhost:3000/_next/static/chunks/01d5_next_dist_compiled_next-devtools_index_07ycjaq.js → 200 (30ms, ?B)
[2026-08-04T08:01:33.395Z] GET http://localhost:3000/_next/static/chunks/01d5_next_dist_compiled_react-dom_0-xmo_9._.js → 200 (25ms, ?B)
[2026-08-04T08:01:33.395Z] GET http://localhost:3000/_next/static/chunks/01d5_next_dist_compiled_react-server-dom-turbopack_1cdelyf._.js → 200 (23ms, ?B)
[2026-08-04T08:01:33.395Z] GET http://localhost:3000/_next/static/chunks/01d5_next_dist_compiled_0z2j911._.js → 200 (14ms, ?B)
[2026-08-04T08:01:33.395Z] GET http://localhost:3000/_next/static/chunks/01d5_next_dist_client_00b162t._.js → 200 (29ms, ?B)
[2026-08-04T08:01:33.395Z] GET http://localhost:3000/_next/static/chunks/01d5_next_dist_1t1vbm1._.js → 200 (24ms, ?B)
[2026-08-04T08:01:33.395Z] GET http://localhost:3000/_next/static/chunks/01d5_%40swc_helpers_cjs_0-dwtys._.js → 200 (30ms, ?B)
[2026-08-04T08:01:33.395Z] GET http://localhost:3000/_next/static/chunks/src_perfume-comparer-web_1anvha4._.js → 200 (29ms, ?B)
[2026-08-04T08:01:33.395Z] GET http://localhost:3000/_next/static/chunks/turbopack-src_perfume-comparer-web_1w_cc43._.js → 200 (36ms, ?B)
[2026-08-04T08:01:33.395Z] GET http://localhost:3000/_next/static/chunks/src_perfume-comparer-web_src_0hxx-ed._.js → 200 (43ms, ?B)
[2026-08-04T08:01:33.395Z] GET http://localhost:3000/_next/static/chunks/01d5_next_18t8uho._.js → 200 (44ms, ?B)
[2026-08-04T08:01:33.395Z] GET http://localhost:3000/_next/static/chunks/src_perfume-comparer-web_src_app_layout_tsx_0zdms-1._.js → 200 (45ms, ?B)
[2026-08-04T08:01:33.395Z] GET http://localhost:3000/_next/static/chunks/src_perfume-comparer-web_src_1v-4hg0._.js → 200 (78ms, 11034B)
[2026-08-04T08:01:33.395Z] GET http://localhost:3000/_next/static/chunks/src_perfume-comparer-web_src_app_marka_%5Bslug%5D_page_tsx_1zjgrze._.js → 200 (55ms, 269B)
[2026-08-04T08:01:33.395Z] GET http://localhost:3000/_next/static/chunks/01d5_next_dist_client_components_builtin_global-error_1zjgrze.js → 200 (45ms, ?B)
[2026-08-04T08:01:33.437Z] GET http://localhost:3000/_next/static/chunks/%5Bturbopack%5D_browser_dev_hmr-client_hmr-client_ts_1mojsay._.js → 200 (19ms, ?B)
[2026-08-04T08:01:33.437Z] GET http://localhost:3000/_next/static/chunks/%5Bturbopack%5D_browser_dev_hmr-client_hmr-client_ts_1hbh5nd._.js → 200 (20ms, ?B)
[2026-08-04T08:01:33.487Z] GET http://localhost:5026/api/brands/adidas → 200 (16ms, 2149B)
[2026-08-04T08:01:33.487Z] GET http://localhost:5026/api/perfumes?brand=adidas&page=1&pageSize=24 → 200 (12ms, 10088B)
[2026-08-04T08:01:33.551Z] GET http://localhost:5026/media/brand_images/adidas.webp → 200 (?ms, -214B)
[2026-08-04T08:01:33.570Z] GET http://localhost:5026/media/perfumes/adidas/images/adidas_ice_dive_7211.webp → 200 (9ms, 16422B)
[2026-08-04T08:01:33.570Z] GET http://localhost:5026/media/perfumes/adidas/images/fruity_rhythm_2852.webp → 200 (9ms, 17048B)
[2026-08-04T08:01:33.570Z] GET http://localhost:5026/media/perfumes/adidas/images/pure_lightness_2855.webp → 200 (8ms, 17850B)
[2026-08-04T08:01:33.570Z] GET http://localhost:5026/media/perfumes/adidas/images/pure_game_11527.webp → 200 (9ms, 11990B)
[2026-08-04T08:01:33.570Z] GET http://localhost:5026/media/perfumes/adidas/images/adidas_active_bodies_7873.webp → 200 (9ms, 11512B)
[2026-08-04T08:01:33.570Z] GET http://localhost:5026/media/perfumes/adidas/images/adidas_victory_league_3163.webp → 200 (11ms, 18222B)
[2026-08-04T08:01:33.570Z] GET http://localhost:5026/media/perfumes/adidas/images/natural_vitality_4495.webp → 200 (20ms, 17614B)
[2026-08-04T08:01:33.570Z] GET http://localhost:5026/media/perfumes/adidas/images/moves_21916.webp → 200 (20ms, 11268B)
[2026-08-04T08:01:33.570Z] GET http://localhost:5026/media/perfumes/adidas/images/born_original_for_her_31213.webp → 200 (11ms, 18986B)
[2026-08-04T08:01:33.570Z] GET http://localhost:5026/media/perfumes/adidas/images/adidas_dynamic_pulse_21829.webp → 200 (20ms, 11498B)
[2026-08-04T08:01:33.571Z] GET http://localhost:5026/media/perfumes/adidas/images/floral_dream_2853.webp → 200 (10ms, 14566B)
[2026-08-04T08:01:33.571Z] GET http://localhost:5026/media/perfumes/adidas/images/adidas_get_ready_for_her_23741.webp → 200 (21ms, 10428B)
[2026-08-04T08:01:33.571Z] GET http://localhost:5026/media/perfumes/adidas/images/fizzy_energy_14515.webp → 200 (21ms, 12584B)
[2026-08-04T08:01:33.571Z] GET http://localhost:5026/media/perfumes/adidas/images/adidas_team_force_7207.webp → 200 (21ms, 11890B)
[2026-08-04T08:01:33.571Z] GET http://localhost:5026/media/perfumes/adidas/images/adidas_get_ready_for_him_23743.webp → 200 (21ms, 19674B)
[2026-08-04T08:01:33.571Z] GET http://localhost:5026/media/perfumes/adidas/images/adidas_uefa_champions_league_edition_26757.webp → 200 (21ms, 21356B)
[2026-08-04T08:01:33.572Z] GET http://localhost:5026/media/perfumes/adidas/images/get_comfy_98557.webp → 200 (20ms, 7710B)
[2026-08-04T08:01:33.572Z] GET http://localhost:5026/media/perfumes/adidas/images/team_five_20613.webp → 200 (20ms, 16692B)
[2026-08-04T08:01:33.572Z] GET http://localhost:5026/media/perfumes/adidas/images/happy_feels_98469.webp → 200 (20ms, 7624B)
[2026-08-04T08:01:33.572Z] GET http://localhost:5026/media/perfumes/adidas/images/adidas_deep_energy_21828.webp → 200 (21ms, 11044B)
[2026-08-04T08:01:33.573Z] GET http://localhost:5026/media/perfumes/adidas/images/spark_up_98468.webp → 200 (20ms, 8872B)
[2026-08-04T08:01:33.573Z] GET http://localhost:5026/media/perfumes/adidas/images/energy_drive_98467.webp → 200 (20ms, 9342B)
[2026-08-04T08:01:33.573Z] GET http://localhost:5026/media/perfumes/adidas/images/tropical_passion_2854.webp → 200 (20ms, 13876B)
[2026-08-04T08:01:33.573Z] GET http://localhost:5026/media/perfumes/adidas/images/happy_game_11033.webp → 200 (20ms, 18194B)
[2026-08-04T08:02:17.091Z] GET http://localhost:3000/_next/static/chunks/src_perfume-comparer-web_src_app_globals_1kowgbp.css → 200 (2ms, 8439B)
[2026-08-04T08:02:27.060Z] GET http://localhost:3000/marka/adidas → 200 (41ms, 6490B)
[2026-08-04T08:02:27.105Z] GET http://localhost:3000/_next/static/chunks/src_perfume-comparer-web_src_app_globals_1kowgbp.css → 304 (3ms, ?B)
[2026-08-04T08:02:27.105Z] GET http://localhost:3000/_next/static/chunks/%5Bturbopack%5D_browser_dev_hmr-client_hmr-client_ts_0b4hjvo._.js → 200 (6ms, ?B)
[2026-08-04T08:02:27.105Z] GET http://localhost:3000/_next/static/chunks/01d5_next_dist_compiled_next-devtools_index_07ycjaq.js → 200 (36ms, ?B)
[2026-08-04T08:02:27.106Z] GET http://localhost:3000/_next/static/chunks/01d5_next_dist_compiled_react-dom_0-xmo_9._.js → 200 (35ms, ?B)
[2026-08-04T08:02:27.106Z] GET http://localhost:3000/_next/static/chunks/01d5_next_dist_compiled_react-server-dom-turbopack_1cdelyf._.js → 200 (27ms, ?B)
[2026-08-04T08:02:27.106Z] GET http://localhost:3000/_next/static/chunks/01d5_next_dist_compiled_0z2j911._.js → 200 (27ms, ?B)
[2026-08-04T08:02:27.106Z] GET http://localhost:3000/_next/static/chunks/01d5_next_dist_client_00b162t._.js → 200 (35ms, ?B)
[2026-08-04T08:02:27.106Z] GET http://localhost:3000/_next/static/chunks/01d5_next_dist_1t1vbm1._.js → 200 (32ms, ?B)
[2026-08-04T08:02:27.106Z] GET http://localhost:3000/_next/static/chunks/01d5_%40swc_helpers_cjs_0-dwtys._.js → 200 (40ms, ?B)
[2026-08-04T08:02:27.106Z] GET http://localhost:3000/_next/static/chunks/src_perfume-comparer-web_1anvha4._.js → 200 (37ms, ?B)
[2026-08-04T08:02:27.107Z] GET http://localhost:3000/_next/static/chunks/turbopack-src_perfume-comparer-web_1w_cc43._.js → 200 (38ms, ?B)
[2026-08-04T08:02:27.107Z] GET http://localhost:3000/_next/static/chunks/src_perfume-comparer-web_src_0hxx-ed._.js → 200 (42ms, ?B)
[2026-08-04T08:02:27.107Z] GET http://localhost:3000/_next/static/chunks/01d5_next_18t8uho._.js → 200 (43ms, ?B)
[2026-08-04T08:02:27.107Z] GET http://localhost:3000/_next/static/chunks/src_perfume-comparer-web_src_app_layout_tsx_0zdms-1._.js → 200 (38ms, ?B)
[2026-08-04T08:02:27.107Z] GET http://localhost:3000/_next/static/chunks/src_perfume-comparer-web_src_1v-4hg0._.js → 200 (43ms, ?B)
[2026-08-04T08:02:27.107Z] GET http://localhost:3000/_next/static/chunks/src_perfume-comparer-web_src_app_marka_%5Bslug%5D_page_tsx_1zjgrze._.js → 200 (43ms, ?B)
[2026-08-04T08:02:27.107Z] GET http://localhost:3000/_next/static/chunks/01d5_next_dist_client_components_builtin_global-error_1zjgrze.js → 200 (43ms, ?B)
[2026-08-04T08:02:27.148Z] GET http://localhost:3000/_next/static/chunks/%5Bturbopack%5D_browser_dev_hmr-client_hmr-client_ts_1mojsay._.js → 200 (10ms, ?B)
[2026-08-04T08:02:27.149Z] GET http://localhost:3000/_next/static/chunks/%5Bturbopack%5D_browser_dev_hmr-client_hmr-client_ts_1hbh5nd._.js → 200 (9ms, ?B)
[2026-08-04T08:02:27.171Z] GET http://localhost:5026/api/brands/adidas → 200 (8ms, 2149B)
[2026-08-04T08:02:27.171Z] GET http://localhost:5026/api/perfumes?brand=adidas&page=1&pageSize=24 → 200 (5ms, 10088B)
[2026-08-04T08:02:27.228Z] GET http://localhost:5026/media/brand_images/adidas.webp → 200 (?ms, -214B)
[2026-08-04T08:02:27.228Z] GET http://localhost:5026/media/perfumes/adidas/images/adidas_ice_dive_7211.webp → 200 (?ms, -215B)
[2026-08-04T08:02:27.229Z] GET http://localhost:5026/media/perfumes/adidas/images/fruity_rhythm_2852.webp → 200 (?ms, -215B)
[2026-08-04T08:02:27.229Z] GET http://localhost:5026/media/perfumes/adidas/images/pure_lightness_2855.webp → 200 (?ms, -215B)
[2026-08-04T08:02:27.229Z] GET http://localhost:5026/media/perfumes/adidas/images/pure_game_11527.webp → 200 (?ms, -215B)
[2026-08-04T08:02:27.229Z] GET http://localhost:5026/media/perfumes/adidas/images/adidas_active_bodies_7873.webp → 200 (?ms, -215B)
[2026-08-04T08:02:27.229Z] GET http://localhost:5026/media/perfumes/adidas/images/adidas_victory_league_3163.webp → 200 (?ms, -215B)
[2026-08-04T08:02:27.229Z] GET http://localhost:5026/media/perfumes/adidas/images/natural_vitality_4495.webp → 200 (?ms, -215B)
[2026-08-04T08:02:27.229Z] GET http://localhost:5026/media/perfumes/adidas/images/moves_21916.webp → 200 (1ms, -215B)
[2026-08-04T08:02:27.230Z] GET http://localhost:5026/media/perfumes/adidas/images/born_original_for_her_31213.webp → 200 (?ms, -215B)
[2026-08-04T08:02:27.230Z] GET http://localhost:5026/media/perfumes/adidas/images/adidas_dynamic_pulse_21829.webp → 200 (?ms, -215B)
[2026-08-04T08:02:27.230Z] GET http://localhost:5026/media/perfumes/adidas/images/floral_dream_2853.webp → 200 (?ms, -215B)
[2026-08-04T08:02:27.230Z] GET http://localhost:5026/media/perfumes/adidas/images/adidas_get_ready_for_her_23741.webp → 200 (?ms, -215B)
[2026-08-04T08:02:27.230Z] GET http://localhost:5026/media/perfumes/adidas/images/fizzy_energy_14515.webp → 200 (?ms, -215B)
[2026-08-04T08:02:27.230Z] GET http://localhost:5026/media/perfumes/adidas/images/adidas_team_force_7207.webp → 200 (1ms, -215B)
[2026-08-04T08:02:27.231Z] GET http://localhost:5026/media/perfumes/adidas/images/adidas_get_ready_for_him_23743.webp → 200 (?ms, -215B)
[2026-08-04T08:02:27.231Z] GET http://localhost:5026/media/perfumes/adidas/images/adidas_uefa_champions_league_edition_26757.webp → 200 (?ms, -215B)
[2026-08-04T08:02:27.231Z] GET http://localhost:5026/media/perfumes/adidas/images/get_comfy_98557.webp → 200 (?ms, -214B)
[2026-08-04T08:02:27.231Z] GET http://localhost:5026/media/perfumes/adidas/images/team_five_20613.webp → 200 (?ms, -215B)
[2026-08-04T08:02:27.232Z] GET http://localhost:5026/media/perfumes/adidas/images/happy_feels_98469.webp → 200 (?ms, -214B)
[2026-08-04T08:02:27.232Z] GET http://localhost:5026/media/perfumes/adidas/images/adidas_deep_energy_21828.webp → 200 (?ms, -215B)
[2026-08-04T08:02:27.232Z] GET http://localhost:5026/media/perfumes/adidas/images/spark_up_98468.webp → 200 (?ms, -214B)
[2026-08-04T08:02:27.235Z] GET http://localhost:5026/media/perfumes/adidas/images/energy_drive_98467.webp → 200 (?ms, -214B)
[2026-08-04T08:02:27.235Z] GET http://localhost:5026/media/perfumes/adidas/images/tropical_passion_2854.webp → 200 (1ms, -215B)
[2026-08-04T08:02:27.236Z] GET http://localhost:5026/media/perfumes/adidas/images/happy_game_11033.webp → 200 (?ms, -215B)
[2026-08-04T08:02:30.382Z] GET http://localhost:3000/marka/abercrombie-fitch → 200 (49ms, 6503B)
[2026-08-04T08:02:30.438Z] GET http://localhost:3000/_next/static/chunks/src_perfume-comparer-web_src_app_globals_1kowgbp.css → 304 (1ms, ?B)
[2026-08-04T08:02:30.438Z] GET http://localhost:3000/_next/static/chunks/%5Bturbopack%5D_browser_dev_hmr-client_hmr-client_ts_0b4hjvo._.js → 200 (4ms, ?B)
[2026-08-04T08:02:30.438Z] GET http://localhost:3000/_next/static/chunks/01d5_next_dist_compiled_next-devtools_index_07ycjaq.js → 200 (13ms, ?B)
[2026-08-04T08:02:30.438Z] GET http://localhost:3000/_next/static/chunks/01d5_next_dist_compiled_react-dom_0-xmo_9._.js → 200 (21ms, ?B)
[2026-08-04T08:02:30.438Z] GET http://localhost:3000/_next/static/chunks/01d5_next_dist_compiled_react-server-dom-turbopack_1cdelyf._.js → 200 (6ms, ?B)
[2026-08-04T08:02:30.438Z] GET http://localhost:3000/_next/static/chunks/01d5_next_dist_compiled_0z2j911._.js → 200 (11ms, ?B)
[2026-08-04T08:02:30.438Z] GET http://localhost:3000/_next/static/chunks/01d5_next_dist_client_00b162t._.js → 200 (24ms, ?B)
[2026-08-04T08:02:30.438Z] GET http://localhost:3000/_next/static/chunks/01d5_next_dist_1t1vbm1._.js → 200 (24ms, ?B)
[2026-08-04T08:02:30.438Z] GET http://localhost:3000/_next/static/chunks/01d5_%40swc_helpers_cjs_0-dwtys._.js → 200 (22ms, ?B)
[2026-08-04T08:02:30.438Z] GET http://localhost:3000/_next/static/chunks/src_perfume-comparer-web_1anvha4._.js → 200 (14ms, ?B)
[2026-08-04T08:02:30.438Z] GET http://localhost:3000/_next/static/chunks/turbopack-src_perfume-comparer-web_1w_cc43._.js → 200 (21ms, ?B)
[2026-08-04T08:02:30.438Z] GET http://localhost:3000/_next/static/chunks/src_perfume-comparer-web_src_0hxx-ed._.js → 200 (24ms, ?B)
[2026-08-04T08:02:30.439Z] GET http://localhost:3000/_next/static/chunks/01d5_next_18t8uho._.js → 200 (28ms, ?B)
[2026-08-04T08:02:30.439Z] GET http://localhost:3000/_next/static/chunks/src_perfume-comparer-web_src_app_layout_tsx_0zdms-1._.js → 200 (27ms, ?B)
[2026-08-04T08:02:30.439Z] GET http://localhost:3000/_next/static/chunks/src_perfume-comparer-web_src_1v-4hg0._.js → 200 (28ms, ?B)
[2026-08-04T08:02:30.439Z] GET http://localhost:3000/_next/static/chunks/src_perfume-comparer-web_src_app_marka_%5Bslug%5D_page_tsx_1zjgrze._.js → 200 (28ms, ?B)
[2026-08-04T08:02:30.439Z] GET http://localhost:3000/_next/static/chunks/01d5_next_dist_client_components_builtin_global-error_1zjgrze.js → 200 (28ms, ?B)
[2026-08-04T08:02:30.466Z] GET http://localhost:3000/_next/static/chunks/%5Bturbopack%5D_browser_dev_hmr-client_hmr-client_ts_1mojsay._.js → 200 (6ms, ?B)
[2026-08-04T08:02:30.466Z] GET http://localhost:3000/_next/static/chunks/%5Bturbopack%5D_browser_dev_hmr-client_hmr-client_ts_1hbh5nd._.js → 200 (6ms, ?B)
[2026-08-04T08:02:30.495Z] GET http://localhost:5026/api/brands/abercrombie-fitch → 200 (9ms, 2094B)
[2026-08-04T08:02:30.495Z] GET http://localhost:5026/api/perfumes?brand=abercrombie-fitch&page=1&pageSize=24 → 200 (6ms, 11900B)
[2026-08-04T08:02:30.554Z] GET http://localhost:5026/media/brand_images/abercrombie_fitch.webp → 200 (2ms, -214B)
[2026-08-04T08:02:30.580Z] GET http://localhost:5026/media/perfumes/abercrombie_fitch/images/fierce_3508.webp → 200 (4ms, 14032B)
[2026-08-04T08:02:30.580Z] GET http://localhost:5026/media/perfumes/abercrombie_fitch/images/first_instinct_37753.webp → 200 (6ms, 7754B)
[2026-08-04T08:02:30.580Z] GET http://localhost:5026/media/perfumes/abercrombie_fitch/images/first_instinct_for_her_43763.webp → 200 (3ms, 10466B)
[2026-08-04T08:02:30.580Z] GET http://localhost:5026/media/perfumes/abercrombie_fitch/images/authentic_man_54004.webp → 200 (4ms, 18504B)
[2026-08-04T08:02:30.580Z] GET http://localhost:5026/media/perfumes/abercrombie_fitch/images/authentic_night_homme_61858.webp → 200 (7ms, 14198B)
[2026-08-04T08:02:30.580Z] GET http://localhost:5026/media/perfumes/abercrombie_fitch/images/first_instinct_extreme_52880.webp → 200 (6ms, 10612B)
[2026-08-04T08:02:30.580Z] GET http://localhost:5026/media/perfumes/abercrombie_fitch/images/authentic_woman_54005.webp → 200 (8ms, 15090B)
[2026-08-04T08:02:30.580Z] GET http://localhost:5026/media/perfumes/abercrombie_fitch/images/first_instinct_blue_50034.webp → 200 (8ms, 15506B)
[2026-08-04T08:02:30.581Z] GET http://localhost:5026/media/perfumes/abercrombie_fitch/images/first_instinct_together_eau_de_toilette_for_him_59431.webp → 200 (8ms, 7870B)
[2026-08-04T08:02:30.581Z] GET http://localhost:5026/media/perfumes/abercrombie_fitch/images/authentic_night_femme_61859.webp → 200 (8ms, 14442B)
[2026-08-04T08:02:30.581Z] GET http://localhost:5026/media/perfumes/abercrombie_fitch/images/naturally_fierce_67069.webp → 200 (8ms, 8334B)
[2026-08-04T08:02:30.581Z] GET http://localhost:5026/media/perfumes/abercrombie_fitch/images/first_instinct_blue_for_her_50657.webp → 200 (8ms, 8728B)
[2026-08-04T08:02:30.581Z] GET http://localhost:5026/media/perfumes/abercrombie_fitch/images/authentic_self_woman_79907.webp → 200 (8ms, 14648B)
[2026-08-04T08:02:30.581Z] GET http://localhost:5026/media/perfumes/abercrombie_fitch/images/authentic_moment_man_79927.webp → 200 (8ms, 19292B)
[2026-08-04T08:02:30.581Z] GET http://localhost:5026/media/perfumes/abercrombie_fitch/images/8_3506.webp → 200 (11ms, 15016B)
[2026-08-04T08:02:30.581Z] GET http://localhost:5026/media/perfumes/abercrombie_fitch/images/away_woman_68244.webp → 200 (9ms, 15416B)
[2026-08-04T08:02:30.582Z] GET http://localhost:5026/media/perfumes/abercrombie_fitch/images/away_tonight_woman_75951.webp → 200 (8ms, 14498B)
[2026-08-04T08:02:30.582Z] GET http://localhost:5026/media/perfumes/abercrombie_fitch/images/authentic_moment_woman_79928.webp → 200 (9ms, 13498B)
[2026-08-04T08:02:30.582Z] GET http://localhost:5026/media/perfumes/abercrombie_fitch/images/away_man_68243.webp → 200 (10ms, 14308B)
[2026-08-04T08:02:30.582Z] GET http://localhost:5026/media/perfumes/abercrombie_fitch/images/authentic_self_man_79908.webp → 200 (10ms, 15978B)
[2026-08-04T08:02:30.582Z] GET http://localhost:5026/media/perfumes/abercrombie_fitch/images/first_instinct_sheer_52881.webp → 200 (13ms, 7486B)
[2026-08-04T08:02:30.582Z] GET http://localhost:5026/media/perfumes/abercrombie_fitch/images/away_weekend_woman_83093.webp → 200 (13ms, 19768B)
[2026-08-04T08:02:30.582Z] GET http://localhost:5026/media/perfumes/abercrombie_fitch/images/fierce_intense_38012.webp → 200 (13ms, 7670B)
[2026-08-04T08:02:30.582Z] GET http://localhost:5026/media/perfumes/abercrombie_fitch/images/away_tonight_man_75952.webp → 200 (13ms, 15244B)
[2026-08-04T08:02:33.655Z] GET http://localhost:3000/marka/chanel → 200 (39ms, 6488B)
[2026-08-04T08:02:33.697Z] GET http://localhost:3000/_next/static/chunks/src_perfume-comparer-web_src_app_globals_1kowgbp.css → 304 (2ms, ?B)
[2026-08-04T08:02:33.697Z] GET http://localhost:3000/_next/static/chunks/%5Bturbopack%5D_browser_dev_hmr-client_hmr-client_ts_0b4hjvo._.js → 304 (5ms, ?B)
[2026-08-04T08:02:33.697Z] GET http://localhost:3000/_next/static/chunks/01d5_next_dist_compiled_next-devtools_index_07ycjaq.js → 304 (6ms, ?B)
[2026-08-04T08:02:33.697Z] GET http://localhost:3000/_next/static/chunks/01d5_next_dist_compiled_react-dom_0-xmo_9._.js → 304 (6ms, ?B)
[2026-08-04T08:02:33.697Z] GET http://localhost:3000/_next/static/chunks/01d5_next_dist_compiled_react-server-dom-turbopack_1cdelyf._.js → 304 (6ms, ?B)
[2026-08-04T08:02:33.697Z] GET http://localhost:3000/_next/static/chunks/01d5_next_dist_compiled_0z2j911._.js → 304 (12ms, ?B)
[2026-08-04T08:02:33.698Z] GET http://localhost:3000/_next/static/chunks/01d5_next_dist_client_00b162t._.js → 304 (11ms, ?B)
[2026-08-04T08:02:33.698Z] GET http://localhost:3000/_next/static/chunks/01d5_next_dist_1t1vbm1._.js → 304 (11ms, ?B)
[2026-08-04T08:02:33.698Z] GET http://localhost:3000/_next/static/chunks/01d5_%40swc_helpers_cjs_0-dwtys._.js → 304 (11ms, ?B)
[2026-08-04T08:02:33.698Z] GET http://localhost:3000/_next/static/chunks/src_perfume-comparer-web_1anvha4._.js → 304 (11ms, ?B)
[2026-08-04T08:02:33.698Z] GET http://localhost:3000/_next/static/chunks/turbopack-src_perfume-comparer-web_1w_cc43._.js → 304 (11ms, ?B)
[2026-08-04T08:02:33.698Z] GET http://localhost:3000/_next/static/chunks/src_perfume-comparer-web_src_0hxx-ed._.js → 304 (16ms, ?B)
[2026-08-04T08:02:33.698Z] GET http://localhost:3000/_next/static/chunks/01d5_next_18t8uho._.js → 304 (23ms, ?B)
[2026-08-04T08:02:33.698Z] GET http://localhost:3000/_next/static/chunks/src_perfume-comparer-web_src_app_layout_tsx_0zdms-1._.js → 304 (24ms, ?B)
[2026-08-04T08:02:33.698Z] GET http://localhost:3000/_next/static/chunks/src_perfume-comparer-web_src_1v-4hg0._.js → 304 (24ms, ?B)
[2026-08-04T08:02:33.698Z] GET http://localhost:3000/_next/static/chunks/src_perfume-comparer-web_src_app_marka_%5Bslug%5D_page_tsx_1zjgrze._.js → 304 (24ms, ?B)
[2026-08-04T08:02:33.698Z] GET http://localhost:3000/_next/static/chunks/01d5_next_dist_client_components_builtin_global-error_1zjgrze.js → 304 (24ms, ?B)
[2026-08-04T08:02:33.721Z] GET http://localhost:3000/_next/static/chunks/%5Bturbopack%5D_browser_dev_hmr-client_hmr-client_ts_1mojsay._.js → 304 (6ms, ?B)
[2026-08-04T08:02:33.721Z] GET http://localhost:3000/_next/static/chunks/%5Bturbopack%5D_browser_dev_hmr-client_hmr-client_ts_1hbh5nd._.js → 304 (6ms, ?B)
[2026-08-04T08:02:33.748Z] GET http://localhost:5026/api/brands/chanel → 200 (9ms, 2112B)
[2026-08-04T08:02:33.749Z] GET http://localhost:5026/api/perfumes?brand=chanel&page=1&pageSize=24 → 200 (5ms, 10606B)
[2026-08-04T08:02:33.802Z] GET http://localhost:5026/media/brand_images/chanel.webp → 200 (18ms, -214B)
[2026-08-04T08:02:33.818Z] GET http://localhost:5026/media/perfumes/chanel/images/coco_mademoiselle_611.webp → 200 (12ms, 9904B)
[2026-08-04T08:02:33.818Z] GET http://localhost:5026/media/perfumes/chanel/images/bleu_de_chanel_eau_de_parfum_25967.webp → 200 (10ms, 9644B)
[2026-08-04T08:02:33.818Z] GET http://localhost:5026/media/perfumes/chanel/images/bleu_de_chanel_9099.webp → 200 (3ms, 8550B)
[2026-08-04T08:02:33.818Z] GET http://localhost:5026/media/perfumes/chanel/images/chance_eau_tendre_8069.webp → 200 (11ms, 10898B)
[2026-08-04T08:02:33.818Z] GET http://localhost:5026/media/perfumes/chanel/images/allure_homme_sport_607.webp → 200 (7ms, 10454B)
[2026-08-04T08:02:33.818Z] GET http://localhost:5026/media/perfumes/chanel/images/chance_eau_fraiche_1483.webp → 200 (11ms, 8006B)
[2026-08-04T08:02:33.818Z] GET http://localhost:5026/media/perfumes/chanel/images/chanel_no_5_parfum_28711.webp → 200 (12ms, 16810B)
[2026-08-04T08:02:33.818Z] GET http://localhost:5026/media/perfumes/chanel/images/coco_eau_de_parfum_609.webp → 200 (12ms, 13328B)
[2026-08-04T08:02:33.819Z] GET http://localhost:5026/media/perfumes/chanel/images/allure_homme_sport_eau_extreme_14669.webp → 200 (12ms, 12338B)
[2026-08-04T08:02:33.819Z] GET http://localhost:5026/media/perfumes/chanel/images/chance_eau_de_toilette_610.webp → 200 (12ms, 11638B)
[2026-08-04T08:02:33.819Z] GET http://localhost:5026/media/perfumes/chanel/images/egoiste_platinum_614.webp → 200 (11ms, 13112B)
[2026-08-04T08:02:33.819Z] GET http://localhost:5026/media/perfumes/chanel/images/chanel_no_5_eau_de_parfum_40069.webp → 200 (20ms, 11490B)
[2026-08-04T08:02:33.819Z] GET http://localhost:5026/media/perfumes/chanel/images/coco_noir_15963.webp → 200 (20ms, 10234B)
[2026-08-04T08:02:33.819Z] GET http://localhost:5026/media/perfumes/chanel/images/bleu_de_chanel_parfum_49912.webp → 200 (20ms, 10402B)
[2026-08-04T08:02:33.819Z] GET http://localhost:5026/media/perfumes/chanel/images/allure_eau_de_parfum_176.webp → 200 (20ms, 6332B)
[2026-08-04T08:02:33.819Z] GET http://localhost:5026/media/perfumes/chanel/images/gabrielle_43718.webp → 200 (21ms, 13656B)
[2026-08-04T08:02:33.819Z] GET http://localhost:5026/media/perfumes/chanel/images/allure_homme_edition_blanche_2653.webp → 200 (22ms, 6894B)
[2026-08-04T08:02:33.819Z] GET http://localhost:5026/media/perfumes/chanel/images/egoiste_613.webp → 200 (21ms, 10896B)
[2026-08-04T08:02:33.819Z] GET http://localhost:5026/media/perfumes/chanel/images/allure_sensuelle_606.webp → 200 (22ms, 8890B)
[2026-08-04T08:02:33.819Z] GET http://localhost:5026/media/perfumes/chanel/images/allure_homme_523.webp → 200 (22ms, 13134B)
[2026-08-04T08:02:33.819Z] GET http://localhost:5026/media/perfumes/chanel/images/chanel_no_5_l_eau_38543.webp → 200 (22ms, 7864B)
[2026-08-04T08:02:33.819Z] GET http://localhost:5026/media/perfumes/chanel/images/chanel_no_19_eau_de_parfum_12345.webp → 200 (22ms, 16410B)
[2026-08-04T08:02:33.819Z] GET http://localhost:5026/media/perfumes/chanel/images/chance_eau_de_parfum_31351.webp → 200 (22ms, 12620B)
[2026-08-04T08:02:33.819Z] GET http://localhost:5026/media/perfumes/chanel/images/chanel_n05_eau_premiere_1360.webp → 200 (22ms, 10078B)
[2026-08-04T08:03:24.172Z] GET http://localhost:3000/_next/static/chunks/src_perfume-comparer-web_src_app_globals_1kowgbp.css → 200 (6ms, 8439B)
[2026-08-04T08:03:35.970Z] GET http://localhost:3000/marka/adidas → 200 (52ms, 6489B)
[2026-08-04T08:03:36.029Z] GET http://localhost:3000/_next/static/chunks/src_perfume-comparer-web_src_app_globals_1kowgbp.css → 304 (2ms, ?B)
[2026-08-04T08:03:36.029Z] GET http://localhost:3000/_next/static/chunks/%5Bturbopack%5D_browser_dev_hmr-client_hmr-client_ts_0b4hjvo._.js → 200 (6ms, ?B)
[2026-08-04T08:03:36.029Z] GET http://localhost:3000/_next/static/chunks/01d5_next_dist_compiled_next-devtools_index_07ycjaq.js → 200 (27ms, ?B)
[2026-08-04T08:03:36.030Z] GET http://localhost:3000/_next/static/chunks/01d5_next_dist_compiled_react-dom_0-xmo_9._.js → 200 (27ms, ?B)
[2026-08-04T08:03:36.030Z] GET http://localhost:3000/_next/static/chunks/01d5_next_dist_compiled_react-server-dom-turbopack_1cdelyf._.js → 200 (9ms, ?B)
[2026-08-04T08:03:36.030Z] GET http://localhost:3000/_next/static/chunks/01d5_next_dist_compiled_0z2j911._.js → 200 (8ms, ?B)
[2026-08-04T08:03:36.030Z] GET http://localhost:3000/_next/static/chunks/01d5_next_dist_client_00b162t._.js → 200 (25ms, ?B)
[2026-08-04T08:03:36.030Z] GET http://localhost:3000/_next/static/chunks/01d5_next_dist_1t1vbm1._.js → 200 (26ms, ?B)
[2026-08-04T08:03:36.030Z] GET http://localhost:3000/_next/static/chunks/01d5_%40swc_helpers_cjs_0-dwtys._.js → 200 (25ms, ?B)
[2026-08-04T08:03:36.030Z] GET http://localhost:3000/_next/static/chunks/src_perfume-comparer-web_1anvha4._.js → 200 (25ms, ?B)
[2026-08-04T08:03:36.030Z] GET http://localhost:3000/_next/static/chunks/turbopack-src_perfume-comparer-web_1w_cc43._.js → 200 (27ms, ?B)
[2026-08-04T08:03:36.030Z] GET http://localhost:3000/_next/static/chunks/src_perfume-comparer-web_src_0hxx-ed._.js → 200 (31ms, ?B)
[2026-08-04T08:03:36.030Z] GET http://localhost:3000/_next/static/chunks/01d5_next_18t8uho._.js → 200 (31ms, ?B)
[2026-08-04T08:03:36.030Z] GET http://localhost:3000/_next/static/chunks/src_perfume-comparer-web_src_app_layout_tsx_0zdms-1._.js → 200 (30ms, ?B)
[2026-08-04T08:03:36.030Z] GET http://localhost:3000/_next/static/chunks/src_perfume-comparer-web_src_1v-4hg0._.js → 200 (31ms, ?B)
[2026-08-04T08:03:36.030Z] GET http://localhost:3000/_next/static/chunks/src_perfume-comparer-web_src_app_marka_%5Bslug%5D_page_tsx_1zjgrze._.js → 200 (32ms, ?B)
[2026-08-04T08:03:36.030Z] GET http://localhost:3000/_next/static/chunks/01d5_next_dist_client_components_builtin_global-error_1zjgrze.js → 200 (31ms, ?B)
[2026-08-04T08:03:36.060Z] GET http://localhost:3000/_next/static/chunks/%5Bturbopack%5D_browser_dev_hmr-client_hmr-client_ts_1mojsay._.js → 200 (8ms, ?B)
[2026-08-04T08:03:36.060Z] GET http://localhost:3000/_next/static/chunks/%5Bturbopack%5D_browser_dev_hmr-client_hmr-client_ts_1hbh5nd._.js → 200 (8ms, ?B)
[2026-08-04T08:03:36.087Z] GET http://localhost:5026/api/brands/adidas → 200 (13ms, 2149B)
[2026-08-04T08:03:36.087Z] GET http://localhost:5026/api/perfumes?brand=adidas&page=1&pageSize=24 → 200 (9ms, 10088B)
[2026-08-04T08:03:36.145Z] GET http://localhost:5026/media/brand_images/adidas.webp → 200 (3ms, -214B)
[2026-08-04T08:03:36.159Z] GET http://localhost:5026/media/perfumes/adidas/images/adidas_ice_dive_7211.webp → 200 (7ms, -215B)
[2026-08-04T08:03:36.159Z] GET http://localhost:5026/media/perfumes/adidas/images/fruity_rhythm_2852.webp → 200 (7ms, -215B)
[2026-08-04T08:03:36.159Z] GET http://localhost:5026/media/perfumes/adidas/images/pure_lightness_2855.webp → 200 (8ms, -215B)
[2026-08-04T08:03:36.159Z] GET http://localhost:5026/media/perfumes/adidas/images/pure_game_11527.webp → 200 (8ms, -215B)
[2026-08-04T08:03:36.159Z] GET http://localhost:5026/media/perfumes/adidas/images/adidas_active_bodies_7873.webp → 200 (8ms, -215B)
[2026-08-04T08:03:36.159Z] GET http://localhost:5026/media/perfumes/adidas/images/adidas_victory_league_3163.webp → 200 (8ms, -215B)
[2026-08-04T08:03:36.159Z] GET http://localhost:5026/media/perfumes/adidas/images/natural_vitality_4495.webp → 200 (8ms, -215B)
[2026-08-04T08:03:36.159Z] GET http://localhost:5026/media/perfumes/adidas/images/moves_21916.webp → 200 (10ms, -215B)
[2026-08-04T08:03:36.160Z] GET http://localhost:5026/media/perfumes/adidas/images/born_original_for_her_31213.webp → 200 (9ms, -215B)
[2026-08-04T08:03:36.160Z] GET http://localhost:5026/media/perfumes/adidas/images/adidas_dynamic_pulse_21829.webp → 200 (9ms, -215B)
[2026-08-04T08:03:36.160Z] GET http://localhost:5026/media/perfumes/adidas/images/floral_dream_2853.webp → 200 (9ms, -215B)
[2026-08-04T08:03:36.160Z] GET http://localhost:5026/media/perfumes/adidas/images/adidas_get_ready_for_her_23741.webp → 200 (10ms, -215B)
[2026-08-04T08:03:36.160Z] GET http://localhost:5026/media/perfumes/adidas/images/fizzy_energy_14515.webp → 200 (10ms, -215B)
[2026-08-04T08:03:36.160Z] GET http://localhost:5026/media/perfumes/adidas/images/adidas_team_force_7207.webp → 200 (10ms, -215B)
[2026-08-04T08:03:36.160Z] GET http://localhost:5026/media/perfumes/adidas/images/adidas_get_ready_for_him_23743.webp → 200 (10ms, -215B)
[2026-08-04T08:03:36.160Z] GET http://localhost:5026/media/perfumes/adidas/images/adidas_uefa_champions_league_edition_26757.webp → 200 (10ms, -215B)
[2026-08-04T08:03:36.161Z] GET http://localhost:5026/media/perfumes/adidas/images/get_comfy_98557.webp → 200 (10ms, -214B)
[2026-08-04T08:03:36.161Z] GET http://localhost:5026/media/perfumes/adidas/images/team_five_20613.webp → 200 (10ms, -215B)
[2026-08-04T08:03:36.161Z] GET http://localhost:5026/media/perfumes/adidas/images/happy_feels_98469.webp → 200 (10ms, -214B)
[2026-08-04T08:03:36.161Z] GET http://localhost:5026/media/perfumes/adidas/images/adidas_deep_energy_21828.webp → 200 (10ms, -215B)
[2026-08-04T08:03:36.161Z] GET http://localhost:5026/media/perfumes/adidas/images/spark_up_98468.webp → 200 (11ms, -214B)
[2026-08-04T08:03:36.161Z] GET http://localhost:5026/media/perfumes/adidas/images/energy_drive_98467.webp → 200 (11ms, -214B)
[2026-08-04T08:03:36.161Z] GET http://localhost:5026/media/perfumes/adidas/images/tropical_passion_2854.webp → 200 (11ms, -215B)
[2026-08-04T08:03:36.161Z] GET http://localhost:5026/media/perfumes/adidas/images/happy_game_11033.webp → 200 (11ms, -215B)
[2026-08-04T08:03:39.226Z] GET http://localhost:3000/marka/abercrombie-fitch → 200 (36ms, 6504B)
[2026-08-04T08:03:39.267Z] GET http://localhost:3000/_next/static/chunks/src_perfume-comparer-web_src_app_globals_1kowgbp.css → 304 (3ms, ?B)
[2026-08-04T08:03:39.267Z] GET http://localhost:3000/_next/static/chunks/%5Bturbopack%5D_browser_dev_hmr-client_hmr-client_ts_0b4hjvo._.js → 200 (9ms, ?B)
[2026-08-04T08:03:39.267Z] GET http://localhost:3000/_next/static/chunks/01d5_next_dist_compiled_next-devtools_index_07ycjaq.js → 200 (24ms, ?B)
[2026-08-04T08:03:39.267Z] GET http://localhost:3000/_next/static/chunks/01d5_next_dist_compiled_react-dom_0-xmo_9._.js → 200 (23ms, ?B)
[2026-08-04T08:03:39.267Z] GET http://localhost:3000/_next/static/chunks/01d5_next_dist_compiled_react-server-dom-turbopack_1cdelyf._.js → 200 (9ms, ?B)
[2026-08-04T08:03:39.267Z] GET http://localhost:3000/_next/static/chunks/01d5_next_dist_compiled_0z2j911._.js → 200 (24ms, ?B)
[2026-08-04T08:03:39.267Z] GET http://localhost:3000/_next/static/chunks/01d5_next_dist_client_00b162t._.js → 200 (26ms, ?B)
[2026-08-04T08:03:39.267Z] GET http://localhost:3000/_next/static/chunks/01d5_next_dist_1t1vbm1._.js → 200 (24ms, ?B)
[2026-08-04T08:03:39.267Z] GET http://localhost:3000/_next/static/chunks/01d5_%40swc_helpers_cjs_0-dwtys._.js → 200 (24ms, ?B)
[2026-08-04T08:03:39.267Z] GET http://localhost:3000/_next/static/chunks/src_perfume-comparer-web_1anvha4._.js → 200 (19ms, ?B)
[2026-08-04T08:03:39.267Z] GET http://localhost:3000/_next/static/chunks/turbopack-src_perfume-comparer-web_1w_cc43._.js → 200 (25ms, ?B)
[2026-08-04T08:03:39.267Z] GET http://localhost:3000/_next/static/chunks/src_perfume-comparer-web_src_0hxx-ed._.js → 200 (25ms, ?B)
[2026-08-04T08:03:39.267Z] GET http://localhost:3000/_next/static/chunks/01d5_next_18t8uho._.js → 200 (31ms, ?B)
[2026-08-04T08:03:39.267Z] GET http://localhost:3000/_next/static/chunks/src_perfume-comparer-web_src_app_layout_tsx_0zdms-1._.js → 200 (31ms, ?B)
[2026-08-04T08:03:39.267Z] GET http://localhost:3000/_next/static/chunks/src_perfume-comparer-web_src_1v-4hg0._.js → 200 (32ms, ?B)
[2026-08-04T08:03:39.267Z] GET http://localhost:3000/_next/static/chunks/src_perfume-comparer-web_src_app_marka_%5Bslug%5D_page_tsx_1zjgrze._.js → 200 (32ms, ?B)
[2026-08-04T08:03:39.267Z] GET http://localhost:3000/_next/static/chunks/01d5_next_dist_client_components_builtin_global-error_1zjgrze.js → 200 (32ms, ?B)
[2026-08-04T08:03:39.297Z] GET http://localhost:3000/_next/static/chunks/%5Bturbopack%5D_browser_dev_hmr-client_hmr-client_ts_1mojsay._.js → 200 (11ms, ?B)
[2026-08-04T08:03:39.298Z] GET http://localhost:3000/_next/static/chunks/%5Bturbopack%5D_browser_dev_hmr-client_hmr-client_ts_1hbh5nd._.js → 200 (10ms, ?B)
[2026-08-04T08:03:39.324Z] GET http://localhost:5026/api/brands/abercrombie-fitch → 200 (5ms, 2094B)
[2026-08-04T08:03:39.324Z] GET http://localhost:5026/api/perfumes?brand=abercrombie-fitch&page=1&pageSize=24 → 200 (3ms, 11900B)
[2026-08-04T08:03:39.373Z] GET http://localhost:5026/media/brand_images/abercrombie_fitch.webp → 200 (21ms, -214B)
[2026-08-04T08:03:39.387Z] GET http://localhost:5026/media/perfumes/abercrombie_fitch/images/fierce_3508.webp → 200 (8ms, -215B)
[2026-08-04T08:03:39.387Z] GET http://localhost:5026/media/perfumes/abercrombie_fitch/images/first_instinct_37753.webp → 200 (8ms, -214B)
[2026-08-04T08:03:39.387Z] GET http://localhost:5026/media/perfumes/abercrombie_fitch/images/first_instinct_for_her_43763.webp → 200 (8ms, -215B)
[2026-08-04T08:03:39.387Z] GET http://localhost:5026/media/perfumes/abercrombie_fitch/images/authentic_man_54004.webp → 200 (9ms, -215B)
[2026-08-04T08:03:39.388Z] GET http://localhost:5026/media/perfumes/abercrombie_fitch/images/authentic_night_homme_61858.webp → 200 (8ms, -215B)
[2026-08-04T08:03:39.388Z] GET http://localhost:5026/media/perfumes/abercrombie_fitch/images/first_instinct_extreme_52880.webp → 200 (8ms, -215B)
[2026-08-04T08:03:39.388Z] GET http://localhost:5026/media/perfumes/abercrombie_fitch/images/authentic_woman_54005.webp → 200 (9ms, -215B)
[2026-08-04T08:03:39.389Z] GET http://localhost:5026/media/perfumes/abercrombie_fitch/images/first_instinct_blue_50034.webp → 200 (14ms, -215B)
[2026-08-04T08:03:39.389Z] GET http://localhost:5026/media/perfumes/abercrombie_fitch/images/first_instinct_together_eau_de_toilette_for_him_59431.webp → 200 (14ms, -214B)
[2026-08-04T08:03:39.389Z] GET http://localhost:5026/media/perfumes/abercrombie_fitch/images/authentic_night_femme_61859.webp → 200 (14ms, -215B)
[2026-08-04T08:03:39.389Z] GET http://localhost:5026/media/perfumes/abercrombie_fitch/images/naturally_fierce_67069.webp → 200 (14ms, -214B)
[2026-08-04T08:03:39.390Z] GET http://localhost:5026/media/perfumes/abercrombie_fitch/images/first_instinct_blue_for_her_50657.webp → 200 (13ms, -214B)
[2026-08-04T08:03:39.390Z] GET http://localhost:5026/media/perfumes/abercrombie_fitch/images/authentic_self_woman_79907.webp → 200 (14ms, -215B)
[2026-08-04T08:03:39.390Z] GET http://localhost:5026/media/perfumes/abercrombie_fitch/images/authentic_moment_man_79927.webp → 200 (14ms, -215B)
[2026-08-04T08:03:39.390Z] GET http://localhost:5026/media/perfumes/abercrombie_fitch/images/8_3506.webp → 200 (14ms, -215B)
[2026-08-04T08:03:39.390Z] GET http://localhost:5026/media/perfumes/abercrombie_fitch/images/away_woman_68244.webp → 200 (14ms, -215B)
[2026-08-04T08:03:39.391Z] GET http://localhost:5026/media/perfumes/abercrombie_fitch/images/away_tonight_woman_75951.webp → 200 (16ms, -215B)
[2026-08-04T08:03:39.391Z] GET http://localhost:5026/media/perfumes/abercrombie_fitch/images/authentic_moment_woman_79928.webp → 200 (16ms, -215B)
[2026-08-04T08:03:39.391Z] GET http://localhost:5026/media/perfumes/abercrombie_fitch/images/away_man_68243.webp → 200 (16ms, -215B)
[2026-08-04T08:03:39.391Z] GET http://localhost:5026/media/perfumes/abercrombie_fitch/images/authentic_self_man_79908.webp → 200 (16ms, -215B)
[2026-08-04T08:03:39.391Z] GET http://localhost:5026/media/perfumes/abercrombie_fitch/images/first_instinct_sheer_52881.webp → 200 (16ms, -214B)
[2026-08-04T08:03:39.391Z] GET http://localhost:5026/media/perfumes/abercrombie_fitch/images/away_weekend_woman_83093.webp → 200 (17ms, -215B)
[2026-08-04T08:03:39.391Z] GET http://localhost:5026/media/perfumes/abercrombie_fitch/images/fierce_intense_38012.webp → 200 (17ms, -214B)
[2026-08-04T08:03:39.394Z] GET http://localhost:5026/media/perfumes/abercrombie_fitch/images/away_tonight_man_75952.webp → 200 (14ms, -215B)
[2026-08-04T08:03:52.788Z] GET http://localhost:3000/marka/adidas → 200 (38ms, 6489B)
[2026-08-04T08:03:52.831Z] GET http://localhost:3000/_next/static/chunks/src_perfume-comparer-web_src_app_globals_1kowgbp.css → 304 (2ms, ?B)
[2026-08-04T08:03:52.831Z] GET http://localhost:3000/_next/static/chunks/%5Bturbopack%5D_browser_dev_hmr-client_hmr-client_ts_0b4hjvo._.js → 304 (5ms, ?B)
[2026-08-04T08:03:52.831Z] GET http://localhost:3000/_next/static/chunks/01d5_next_dist_compiled_next-devtools_index_07ycjaq.js → 304 (5ms, ?B)
[2026-08-04T08:03:52.831Z] GET http://localhost:3000/_next/static/chunks/01d5_next_dist_compiled_react-dom_0-xmo_9._.js → 304 (8ms, ?B)
[2026-08-04T08:03:52.831Z] GET http://localhost:3000/_next/static/chunks/01d5_next_dist_compiled_react-server-dom-turbopack_1cdelyf._.js → 304 (8ms, ?B)
[2026-08-04T08:03:52.831Z] GET http://localhost:3000/_next/static/chunks/01d5_next_dist_compiled_0z2j911._.js → 304 (7ms, ?B)
[2026-08-04T08:03:52.831Z] GET http://localhost:3000/_next/static/chunks/01d5_next_dist_client_00b162t._.js → 304 (8ms, ?B)
[2026-08-04T08:03:52.831Z] GET http://localhost:3000/_next/static/chunks/01d5_next_dist_1t1vbm1._.js → 304 (15ms, ?B)
[2026-08-04T08:03:52.831Z] GET http://localhost:3000/_next/static/chunks/01d5_%40swc_helpers_cjs_0-dwtys._.js → 304 (15ms, ?B)
[2026-08-04T08:03:52.831Z] GET http://localhost:3000/_next/static/chunks/src_perfume-comparer-web_1anvha4._.js → 304 (15ms, ?B)
[2026-08-04T08:03:52.831Z] GET http://localhost:3000/_next/static/chunks/turbopack-src_perfume-comparer-web_1w_cc43._.js → 304 (15ms, ?B)
[2026-08-04T08:03:52.831Z] GET http://localhost:3000/_next/static/chunks/src_perfume-comparer-web_src_0hxx-ed._.js → 304 (15ms, ?B)
[2026-08-04T08:03:52.832Z] GET http://localhost:3000/_next/static/chunks/01d5_next_18t8uho._.js → 304 (14ms, ?B)
[2026-08-04T08:03:52.832Z] GET http://localhost:3000/_next/static/chunks/src_perfume-comparer-web_src_app_layout_tsx_0zdms-1._.js → 304 (23ms, ?B)
[2026-08-04T08:03:52.832Z] GET http://localhost:3000/_next/static/chunks/src_perfume-comparer-web_src_1v-4hg0._.js → 304 (23ms, ?B)
[2026-08-04T08:03:52.832Z] GET http://localhost:3000/_next/static/chunks/src_perfume-comparer-web_src_app_marka_%5Bslug%5D_page_tsx_1zjgrze._.js → 304 (23ms, ?B)
[2026-08-04T08:03:52.832Z] GET http://localhost:3000/_next/static/chunks/01d5_next_dist_client_components_builtin_global-error_1zjgrze.js → 304 (23ms, ?B)
[2026-08-04T08:03:52.854Z] GET http://localhost:3000/_next/static/chunks/%5Bturbopack%5D_browser_dev_hmr-client_hmr-client_ts_1mojsay._.js → 304 (5ms, ?B)
[2026-08-04T08:03:52.854Z] GET http://localhost:3000/_next/static/chunks/%5Bturbopack%5D_browser_dev_hmr-client_hmr-client_ts_1hbh5nd._.js → 304 (6ms, ?B)
[2026-08-04T08:03:52.880Z] GET http://localhost:5026/api/brands/adidas → 200 (7ms, 2149B)
[2026-08-04T08:03:52.880Z] GET http://localhost:5026/api/perfumes?brand=adidas&page=1&pageSize=24 → 200 (5ms, 10088B)
[2026-08-04T08:03:52.933Z] GET http://localhost:5026/media/brand_images/adidas.webp → 200 (1ms, -214B)
[2026-08-04T08:03:52.934Z] GET http://localhost:5026/media/perfumes/adidas/images/adidas_ice_dive_7211.webp → 200 (?ms, -215B)
[2026-08-04T08:03:52.934Z] GET http://localhost:5026/media/perfumes/adidas/images/fruity_rhythm_2852.webp → 200 (?ms, -215B)
[2026-08-04T08:03:52.934Z] GET http://localhost:5026/media/perfumes/adidas/images/pure_lightness_2855.webp → 200 (?ms, -215B)
[2026-08-04T08:03:52.934Z] GET http://localhost:5026/media/perfumes/adidas/images/pure_game_11527.webp → 200 (?ms, -215B)
[2026-08-04T08:03:52.934Z] GET http://localhost:5026/media/perfumes/adidas/images/adidas_active_bodies_7873.webp → 200 (?ms, -215B)
[2026-08-04T08:03:52.935Z] GET http://localhost:5026/media/perfumes/adidas/images/adidas_victory_league_3163.webp → 200 (?ms, -215B)
[2026-08-04T08:03:52.935Z] GET http://localhost:5026/media/perfumes/adidas/images/natural_vitality_4495.webp → 200 (?ms, -215B)
[2026-08-04T08:03:52.935Z] GET http://localhost:5026/media/perfumes/adidas/images/moves_21916.webp → 200 (?ms, -215B)
[2026-08-04T08:03:52.935Z] GET http://localhost:5026/media/perfumes/adidas/images/born_original_for_her_31213.webp → 200 (?ms, -215B)
[2026-08-04T08:03:52.935Z] GET http://localhost:5026/media/perfumes/adidas/images/adidas_dynamic_pulse_21829.webp → 200 (?ms, -215B)
[2026-08-04T08:03:52.935Z] GET http://localhost:5026/media/perfumes/adidas/images/floral_dream_2853.webp → 200 (?ms, -215B)
[2026-08-04T08:03:52.936Z] GET http://localhost:5026/media/perfumes/adidas/images/adidas_get_ready_for_her_23741.webp → 200 (?ms, -215B)
[2026-08-04T08:03:52.936Z] GET http://localhost:5026/media/perfumes/adidas/images/fizzy_energy_14515.webp → 200 (?ms, -215B)
[2026-08-04T08:03:52.936Z] GET http://localhost:5026/media/perfumes/adidas/images/adidas_team_force_7207.webp → 200 (?ms, -215B)
[2026-08-04T08:03:52.936Z] GET http://localhost:5026/media/perfumes/adidas/images/adidas_get_ready_for_him_23743.webp → 200 (?ms, -215B)
[2026-08-04T08:03:52.936Z] GET http://localhost:5026/media/perfumes/adidas/images/adidas_uefa_champions_league_edition_26757.webp → 200 (?ms, -215B)
[2026-08-04T08:03:52.937Z] GET http://localhost:5026/media/perfumes/adidas/images/get_comfy_98557.webp → 200 (?ms, -214B)
[2026-08-04T08:03:52.937Z] GET http://localhost:5026/media/perfumes/adidas/images/team_five_20613.webp → 200 (?ms, -215B)
[2026-08-04T08:03:52.937Z] GET http://localhost:5026/media/perfumes/adidas/images/happy_feels_98469.webp → 200 (?ms, -214B)
[2026-08-04T08:03:52.937Z] GET http://localhost:5026/media/perfumes/adidas/images/adidas_deep_energy_21828.webp → 200 (?ms, -215B)
[2026-08-04T08:03:52.937Z] GET http://localhost:5026/media/perfumes/adidas/images/spark_up_98468.webp → 200 (?ms, -214B)
[2026-08-04T08:03:52.938Z] GET http://localhost:5026/media/perfumes/adidas/images/energy_drive_98467.webp → 200 (?ms, -214B)
[2026-08-04T08:03:52.938Z] GET http://localhost:5026/media/perfumes/adidas/images/tropical_passion_2854.webp → 200 (?ms, -215B)
[2026-08-04T08:03:52.938Z] GET http://localhost:5026/media/perfumes/adidas/images/happy_game_11033.webp → 200 (?ms, -215B)
[2026-08-04T08:03:56.058Z] GET http://localhost:3000/marka/abercrombie-fitch → 200 (39ms, 6502B)
[2026-08-04T08:03:56.105Z] GET http://localhost:3000/_next/static/chunks/src_perfume-comparer-web_src_app_globals_1kowgbp.css → 304 (13ms, ?B)
[2026-08-04T08:03:56.111Z] GET http://localhost:3000/_next/static/chunks/%5Bturbopack%5D_browser_dev_hmr-client_hmr-client_ts_0b4hjvo._.js → 304 (9ms, ?B)
[2026-08-04T08:03:56.112Z] GET http://localhost:3000/_next/static/chunks/01d5_next_dist_compiled_next-devtools_index_07ycjaq.js → 304 (7ms, ?B)
[2026-08-04T08:03:56.112Z] GET http://localhost:3000/_next/static/chunks/01d5_next_dist_compiled_react-dom_0-xmo_9._.js → 304 (7ms, ?B)
[2026-08-04T08:03:56.112Z] GET http://localhost:3000/_next/static/chunks/01d5_next_dist_compiled_react-server-dom-turbopack_1cdelyf._.js → 304 (8ms, ?B)
[2026-08-04T08:03:56.113Z] GET http://localhost:3000/_next/static/chunks/01d5_next_dist_compiled_0z2j911._.js → 304 (7ms, ?B)
[2026-08-04T08:03:56.116Z] GET http://localhost:3000/_next/static/chunks/01d5_next_dist_client_00b162t._.js → 304 (4ms, ?B)
[2026-08-04T08:03:56.116Z] GET http://localhost:3000/_next/static/chunks/01d5_next_dist_1t1vbm1._.js → 304 (4ms, ?B)
[2026-08-04T08:03:56.116Z] GET http://localhost:3000/_next/static/chunks/01d5_%40swc_helpers_cjs_0-dwtys._.js → 304 (5ms, ?B)
[2026-08-04T08:03:56.116Z] GET http://localhost:3000/_next/static/chunks/src_perfume-comparer-web_1anvha4._.js → 304 (4ms, ?B)
[2026-08-04T08:03:56.116Z] GET http://localhost:3000/_next/static/chunks/turbopack-src_perfume-comparer-web_1w_cc43._.js → 304 (11ms, ?B)
[2026-08-04T08:03:56.116Z] GET http://localhost:3000/_next/static/chunks/src_perfume-comparer-web_src_0hxx-ed._.js → 304 (16ms, ?B)
[2026-08-04T08:03:56.117Z] GET http://localhost:3000/_next/static/chunks/01d5_next_18t8uho._.js → 304 (15ms, ?B)
[2026-08-04T08:03:56.117Z] GET http://localhost:3000/_next/static/chunks/src_perfume-comparer-web_src_app_layout_tsx_0zdms-1._.js → 304 (15ms, ?B)
[2026-08-04T08:03:56.117Z] GET http://localhost:3000/_next/static/chunks/src_perfume-comparer-web_src_1v-4hg0._.js → 304 (15ms, ?B)
[2026-08-04T08:03:56.117Z] GET http://localhost:3000/_next/static/chunks/src_perfume-comparer-web_src_app_marka_%5Bslug%5D_page_tsx_1zjgrze._.js → 304 (16ms, ?B)
[2026-08-04T08:03:56.117Z] GET http://localhost:3000/_next/static/chunks/01d5_next_dist_client_components_builtin_global-error_1zjgrze.js → 304 (15ms, ?B)
[2026-08-04T08:03:56.131Z] GET http://localhost:3000/_next/static/chunks/%5Bturbopack%5D_browser_dev_hmr-client_hmr-client_ts_1mojsay._.js → 304 (11ms, ?B)
[2026-08-04T08:03:56.131Z] GET http://localhost:3000/_next/static/chunks/%5Bturbopack%5D_browser_dev_hmr-client_hmr-client_ts_1hbh5nd._.js → 304 (18ms, ?B)
[2026-08-04T08:03:56.157Z] GET http://localhost:5026/api/brands/abercrombie-fitch → 200 (12ms, 2094B)
[2026-08-04T08:03:56.159Z] GET http://localhost:5026/api/perfumes?brand=abercrombie-fitch&page=1&pageSize=24 → 200 (6ms, 11900B)
[2026-08-04T08:03:56.221Z] GET http://localhost:5026/media/brand_images/abercrombie_fitch.webp → 200 (?ms, -214B)
[2026-08-04T08:03:56.221Z] GET http://localhost:5026/media/perfumes/abercrombie_fitch/images/fierce_3508.webp → 200 (?ms, -215B)
[2026-08-04T08:03:56.221Z] GET http://localhost:5026/media/perfumes/abercrombie_fitch/images/first_instinct_37753.webp → 200 (?ms, -214B)
[2026-08-04T08:03:56.221Z] GET http://localhost:5026/media/perfumes/abercrombie_fitch/images/first_instinct_for_her_43763.webp → 200 (1ms, -215B)
[2026-08-04T08:03:56.222Z] GET http://localhost:5026/media/perfumes/abercrombie_fitch/images/authentic_man_54004.webp → 200 (?ms, -215B)
[2026-08-04T08:03:56.222Z] GET http://localhost:5026/media/perfumes/abercrombie_fitch/images/authentic_night_homme_61858.webp → 200 (?ms, -215B)
[2026-08-04T08:03:56.222Z] GET http://localhost:5026/media/perfumes/abercrombie_fitch/images/first_instinct_extreme_52880.webp → 200 (?ms, -215B)
[2026-08-04T08:03:56.222Z] GET http://localhost:5026/media/perfumes/abercrombie_fitch/images/authentic_woman_54005.webp → 200 (?ms, -215B)
[2026-08-04T08:03:56.224Z] GET http://localhost:5026/media/perfumes/abercrombie_fitch/images/first_instinct_blue_50034.webp → 200 (?ms, -215B)
[2026-08-04T08:03:56.224Z] GET http://localhost:5026/media/perfumes/abercrombie_fitch/images/first_instinct_together_eau_de_toilette_for_him_59431.webp → 200 (?ms, -214B)
[2026-08-04T08:03:56.224Z] GET http://localhost:5026/media/perfumes/abercrombie_fitch/images/authentic_night_femme_61859.webp → 200 (?ms, -215B)
[2026-08-04T08:03:56.225Z] GET http://localhost:5026/media/perfumes/abercrombie_fitch/images/naturally_fierce_67069.webp → 200 (?ms, -214B)
[2026-08-04T08:03:56.225Z] GET http://localhost:5026/media/perfumes/abercrombie_fitch/images/first_instinct_blue_for_her_50657.webp → 200 (?ms, -214B)
[2026-08-04T08:03:56.225Z] GET http://localhost:5026/media/perfumes/abercrombie_fitch/images/authentic_self_woman_79907.webp → 200 (?ms, -215B)
[2026-08-04T08:03:56.225Z] GET http://localhost:5026/media/perfumes/abercrombie_fitch/images/authentic_moment_man_79927.webp → 200 (?ms, -215B)
[2026-08-04T08:03:56.225Z] GET http://localhost:5026/media/perfumes/abercrombie_fitch/images/8_3506.webp → 200 (1ms, -215B)
[2026-08-04T08:03:56.226Z] GET http://localhost:5026/media/perfumes/abercrombie_fitch/images/away_woman_68244.webp → 200 (?ms, -215B)
[2026-08-04T08:03:56.226Z] GET http://localhost:5026/media/perfumes/abercrombie_fitch/images/away_tonight_woman_75951.webp → 200 (?ms, -215B)
[2026-08-04T08:03:56.226Z] GET http://localhost:5026/media/perfumes/abercrombie_fitch/images/authentic_moment_woman_79928.webp → 200 (?ms, -215B)
[2026-08-04T08:03:56.226Z] GET http://localhost:5026/media/perfumes/abercrombie_fitch/images/away_man_68243.webp → 200 (?ms, -215B)
[2026-08-04T08:03:56.226Z] GET http://localhost:5026/media/perfumes/abercrombie_fitch/images/authentic_self_man_79908.webp → 200 (?ms, -215B)
[2026-08-04T08:03:56.226Z] GET http://localhost:5026/media/perfumes/abercrombie_fitch/images/first_instinct_sheer_52881.webp → 200 (1ms, -214B)
[2026-08-04T08:03:56.227Z] GET http://localhost:5026/media/perfumes/abercrombie_fitch/images/away_weekend_woman_83093.webp → 200 (?ms, -215B)
[2026-08-04T08:03:56.227Z] GET http://localhost:5026/media/perfumes/abercrombie_fitch/images/fierce_intense_38012.webp → 200 (?ms, -214B)
[2026-08-04T08:03:56.227Z] GET http://localhost:5026/media/perfumes/abercrombie_fitch/images/away_tonight_man_75952.webp → 200 (?ms, -215B)
[2026-08-04T08:03:59.347Z] GET http://localhost:3000/marka/chanel → 200 (42ms, 6488B)
[2026-08-04T08:03:59.393Z] GET http://localhost:3000/_next/static/chunks/src_perfume-comparer-web_src_app_globals_1kowgbp.css → 304 (6ms, ?B)
[2026-08-04T08:03:59.393Z] GET http://localhost:3000/_next/static/chunks/%5Bturbopack%5D_browser_dev_hmr-client_hmr-client_ts_0b4hjvo._.js → 200 (23ms, ?B)
[2026-08-04T08:03:59.393Z] GET http://localhost:3000/_next/static/chunks/01d5_next_dist_compiled_next-devtools_index_07ycjaq.js → 200 (27ms, ?B)
[2026-08-04T08:03:59.393Z] GET http://localhost:3000/_next/static/chunks/01d5_next_dist_compiled_react-dom_0-xmo_9._.js → 200 (23ms, ?B)
[2026-08-04T08:03:59.393Z] GET http://localhost:3000/_next/static/chunks/01d5_next_dist_compiled_react-server-dom-turbopack_1cdelyf._.js → 200 (23ms, ?B)
[2026-08-04T08:03:59.393Z] GET http://localhost:3000/_next/static/chunks/01d5_next_dist_compiled_0z2j911._.js → 200 (24ms, ?B)
[2026-08-04T08:03:59.394Z] GET http://localhost:3000/_next/static/chunks/01d5_next_dist_client_00b162t._.js → 200 (31ms, ?B)
[2026-08-04T08:03:59.394Z] GET http://localhost:3000/_next/static/chunks/01d5_next_dist_1t1vbm1._.js → 200 (24ms, ?B)
[2026-08-04T08:03:59.394Z] GET http://localhost:3000/_next/static/chunks/01d5_%40swc_helpers_cjs_0-dwtys._.js → 200 (27ms, ?B)
[2026-08-04T08:03:59.394Z] GET http://localhost:3000/_next/static/chunks/src_perfume-comparer-web_1anvha4._.js → 200 (24ms, ?B)
[2026-08-04T08:03:59.394Z] GET http://localhost:3000/_next/static/chunks/turbopack-src_perfume-comparer-web_1w_cc43._.js → 200 (27ms, ?B)
[2026-08-04T08:03:59.394Z] GET http://localhost:3000/_next/static/chunks/src_perfume-comparer-web_src_0hxx-ed._.js → 200 (27ms, ?B)
[2026-08-04T08:03:59.394Z] GET http://localhost:3000/_next/static/chunks/01d5_next_18t8uho._.js → 200 (35ms, ?B)
[2026-08-04T08:03:59.394Z] GET http://localhost:3000/_next/static/chunks/src_perfume-comparer-web_src_app_layout_tsx_0zdms-1._.js → 200 (36ms, ?B)
[2026-08-04T08:03:59.394Z] GET http://localhost:3000/_next/static/chunks/src_perfume-comparer-web_src_1v-4hg0._.js → 200 (37ms, ?B)
[2026-08-04T08:03:59.394Z] GET http://localhost:3000/_next/static/chunks/src_perfume-comparer-web_src_app_marka_%5Bslug%5D_page_tsx_1zjgrze._.js → 200 (37ms, ?B)
[2026-08-04T08:03:59.394Z] GET http://localhost:3000/_next/static/chunks/01d5_next_dist_client_components_builtin_global-error_1zjgrze.js → 200 (37ms, ?B)
[2026-08-04T08:03:59.429Z] GET http://localhost:3000/_next/static/chunks/%5Bturbopack%5D_browser_dev_hmr-client_hmr-client_ts_1mojsay._.js → 200 (7ms, ?B)
[2026-08-04T08:03:59.429Z] GET http://localhost:3000/_next/static/chunks/%5Bturbopack%5D_browser_dev_hmr-client_hmr-client_ts_1hbh5nd._.js → 200 (7ms, ?B)
[2026-08-04T08:03:59.454Z] GET http://localhost:5026/api/brands/chanel → 200 (7ms, 2112B)
[2026-08-04T08:03:59.455Z] GET http://localhost:5026/api/perfumes?brand=chanel&page=1&pageSize=24 → 200 (3ms, 10606B)
[2026-08-04T08:03:59.504Z] GET http://localhost:5026/media/brand_images/chanel.webp → 200 (14ms, -214B)
[2026-08-04T08:03:59.514Z] GET http://localhost:5026/media/perfumes/chanel/images/coco_mademoiselle_611.webp → 200 (4ms, -214B)
[2026-08-04T08:03:59.514Z] GET http://localhost:5026/media/perfumes/chanel/images/bleu_de_chanel_eau_de_parfum_25967.webp → 200 (4ms, -214B)
[2026-08-04T08:03:59.514Z] GET http://localhost:5026/media/perfumes/chanel/images/bleu_de_chanel_9099.webp → 200 (4ms, -214B)
[2026-08-04T08:03:59.514Z] GET http://localhost:5026/media/perfumes/chanel/images/chance_eau_tendre_8069.webp → 200 (5ms, -215B)
[2026-08-04T08:03:59.514Z] GET http://localhost:5026/media/perfumes/chanel/images/allure_homme_sport_607.webp → 200 (5ms, -215B)
[2026-08-04T08:03:59.515Z] GET http://localhost:5026/media/perfumes/chanel/images/chance_eau_fraiche_1483.webp → 200 (4ms, -214B)
[2026-08-04T08:03:59.515Z] GET http://localhost:5026/media/perfumes/chanel/images/chanel_no_5_parfum_28711.webp → 200 (5ms, -215B)
[2026-08-04T08:03:59.516Z] GET http://localhost:5026/media/perfumes/chanel/images/coco_eau_de_parfum_609.webp → 200 (4ms, -215B)
[2026-08-04T08:03:59.517Z] GET http://localhost:5026/media/perfumes/chanel/images/allure_homme_sport_eau_extreme_14669.webp → 200 (4ms, -215B)
[2026-08-04T08:03:59.517Z] GET http://localhost:5026/media/perfumes/chanel/images/chance_eau_de_toilette_610.webp → 200 (4ms, -215B)
[2026-08-04T08:03:59.517Z] GET http://localhost:5026/media/perfumes/chanel/images/egoiste_platinum_614.webp → 200 (5ms, -215B)
[2026-08-04T08:03:59.517Z] GET http://localhost:5026/media/perfumes/chanel/images/chanel_no_5_eau_de_parfum_40069.webp → 200 (5ms, -215B)
[2026-08-04T08:03:59.517Z] GET http://localhost:5026/media/perfumes/chanel/images/coco_noir_15963.webp → 200 (5ms, -215B)
[2026-08-04T08:03:59.517Z] GET http://localhost:5026/media/perfumes/chanel/images/bleu_de_chanel_parfum_49912.webp → 200 (5ms, -215B)
[2026-08-04T08:03:59.517Z] GET http://localhost:5026/media/perfumes/chanel/images/allure_eau_de_parfum_176.webp → 200 (5ms, -214B)
[2026-08-04T08:03:59.517Z] GET http://localhost:5026/media/perfumes/chanel/images/gabrielle_43718.webp → 200 (5ms, -215B)
[2026-08-04T08:03:59.518Z] GET http://localhost:5026/media/perfumes/chanel/images/allure_homme_edition_blanche_2653.webp → 200 (4ms, -214B)
[2026-08-04T08:03:59.518Z] GET http://localhost:5026/media/perfumes/chanel/images/egoiste_613.webp → 200 (4ms, -215B)
[2026-08-04T08:03:59.518Z] GET http://localhost:5026/media/perfumes/chanel/images/allure_sensuelle_606.webp → 200 (4ms, -214B)
[2026-08-04T08:03:59.518Z] GET http://localhost:5026/media/perfumes/chanel/images/allure_homme_523.webp → 200 (4ms, -215B)
[2026-08-04T08:03:59.518Z] GET http://localhost:5026/media/perfumes/chanel/images/chanel_no_5_l_eau_38543.webp → 200 (6ms, -214B)
[2026-08-04T08:03:59.518Z] GET http://localhost:5026/media/perfumes/chanel/images/chanel_no_19_eau_de_parfum_12345.webp → 200 (7ms, -215B)
[2026-08-04T08:03:59.518Z] GET http://localhost:5026/media/perfumes/chanel/images/chance_eau_de_parfum_31351.webp → 200 (7ms, -215B)
[2026-08-04T08:03:59.518Z] GET http://localhost:5026/media/perfumes/chanel/images/chanel_n05_eau_premiere_1360.webp → 200 (7ms, -215B)
[2026-08-04T08:04:30.798Z] GET http://localhost:3000/marka/afnan → 200 (94ms, 6488B)
[2026-08-04T08:04:30.900Z] GET http://localhost:3000/_next/static/chunks/src_perfume-comparer-web_src_app_globals_1kowgbp.css → 304 (13ms, ?B)
[2026-08-04T08:04:30.900Z] GET http://localhost:3000/_next/static/chunks/%5Bturbopack%5D_browser_dev_hmr-client_hmr-client_ts_0b4hjvo._.js → 200 (16ms, ?B)
[2026-08-04T08:04:30.901Z] GET http://localhost:3000/_next/static/chunks/01d5_next_dist_compiled_next-devtools_index_07ycjaq.js → 200 (29ms, ?B)
[2026-08-04T08:04:30.901Z] GET http://localhost:3000/_next/static/chunks/01d5_next_dist_compiled_react-dom_0-xmo_9._.js → 200 (36ms, ?B)
[2026-08-04T08:04:30.901Z] GET http://localhost:3000/_next/static/chunks/01d5_next_dist_compiled_react-server-dom-turbopack_1cdelyf._.js → 200 (21ms, ?B)
[2026-08-04T08:04:30.901Z] GET http://localhost:3000/_next/static/chunks/01d5_next_dist_compiled_0z2j911._.js → 200 (19ms, ?B)
[2026-08-04T08:04:30.901Z] GET http://localhost:3000/_next/static/chunks/01d5_next_dist_client_00b162t._.js → 200 (31ms, ?B)
[2026-08-04T08:04:30.901Z] GET http://localhost:3000/_next/static/chunks/01d5_next_dist_1t1vbm1._.js → 200 (31ms, ?B)
[2026-08-04T08:04:30.901Z] GET http://localhost:3000/_next/static/chunks/01d5_%40swc_helpers_cjs_0-dwtys._.js → 200 (34ms, ?B)
[2026-08-04T08:04:30.901Z] GET http://localhost:3000/_next/static/chunks/src_perfume-comparer-web_1anvha4._.js → 200 (33ms, ?B)
[2026-08-04T08:04:30.901Z] GET http://localhost:3000/_next/static/chunks/turbopack-src_perfume-comparer-web_1w_cc43._.js → 200 (37ms, ?B)
[2026-08-04T08:04:30.901Z] GET http://localhost:3000/_next/static/chunks/src_perfume-comparer-web_src_0hxx-ed._.js → 200 (49ms, ?B)
[2026-08-04T08:04:30.901Z] GET http://localhost:3000/_next/static/chunks/01d5_next_18t8uho._.js → 200 (51ms, ?B)
[2026-08-04T08:04:30.909Z] GET http://localhost:3000/_next/static/chunks/src_perfume-comparer-web_src_app_layout_tsx_0zdms-1._.js → 200 (44ms, ?B)
[2026-08-04T08:04:30.909Z] GET http://localhost:3000/_next/static/chunks/src_perfume-comparer-web_src_1v-4hg0._.js → 200 (44ms, ?B)
[2026-08-04T08:04:30.909Z] GET http://localhost:3000/_next/static/chunks/src_perfume-comparer-web_src_app_marka_%5Bslug%5D_page_tsx_1zjgrze._.js → 200 (46ms, ?B)
[2026-08-04T08:04:30.909Z] GET http://localhost:3000/_next/static/chunks/01d5_next_dist_client_components_builtin_global-error_1zjgrze.js → 200 (45ms, ?B)
[2026-08-04T08:04:30.950Z] GET http://localhost:3000/_next/static/chunks/%5Bturbopack%5D_browser_dev_hmr-client_hmr-client_ts_1mojsay._.js → 200 (6ms, ?B)
[2026-08-04T08:04:30.950Z] GET http://localhost:3000/_next/static/chunks/%5Bturbopack%5D_browser_dev_hmr-client_hmr-client_ts_1hbh5nd._.js → 200 (6ms, ?B)
[2026-08-04T08:04:30.975Z] GET http://localhost:5026/api/brands/afnan → 200 (19ms, 1755B)
[2026-08-04T08:04:30.975Z] GET http://localhost:5026/api/perfumes?brand=afnan&page=1&pageSize=24 → 200 (16ms, 9861B)
[2026-08-04T08:04:31.040Z] GET http://localhost:5026/media/brand_images/afnan.webp → 200 (32ms, -215B)
[2026-08-04T08:04:31.057Z] GET http://localhost:5026/media/perfumes/afnan/images/9pm_65414.webp → 200 (17ms, 6980B)
[2026-08-04T08:04:31.057Z] GET http://localhost:5026/media/perfumes/afnan/images/supremacy_collector_s_edition_pour_homme_98689.webp → 200 (17ms, 24074B)
[2026-08-04T08:04:31.057Z] GET http://localhost:5026/media/perfumes/afnan/images/turathi_blue_70839.webp → 200 (16ms, 13676B)
[2026-08-04T08:04:31.057Z] GET http://localhost:5026/media/perfumes/afnan/images/supremacy_not_only_intense_68271.webp → 200 (17ms, 10014B)
[2026-08-04T08:04:31.057Z] GET http://localhost:5026/media/perfumes/afnan/images/9_pm_rebel_99238.webp → 200 (20ms, 6218B)
[2026-08-04T08:04:31.057Z] GET http://localhost:5026/media/perfumes/afnan/images/9am_dive_78611.webp → 200 (17ms, 7390B)
[2026-08-04T08:04:31.057Z] GET http://localhost:5026/media/perfumes/afnan/images/supremacy_silver_27352.webp → 200 (19ms, 8550B)
[2026-08-04T08:04:31.057Z] GET http://localhost:5026/media/perfumes/afnan/images/9_pm_night_out_123313.webp → 200 (19ms, 28314B)
[2026-08-04T08:04:31.060Z] GET http://localhost:5026/media/perfumes/afnan/images/rare_reef_106835.webp → 200 (16ms, 9298B)
[2026-08-04T08:04:31.060Z] GET http://localhost:5026/media/perfumes/afnan/images/9pm_elixir_111894.webp → 200 (16ms, 13590B)
[2026-08-04T08:04:31.061Z] GET http://localhost:5026/media/perfumes/afnan/images/turathi_electric_108244.webp → 200 (15ms, 12764B)
[2026-08-04T08:04:31.061Z] GET http://localhost:5026/media/perfumes/afnan/images/supremacy_in_heaven_70703.webp → 200 (17ms, 9374B)
[2026-08-04T08:04:31.061Z] GET http://localhost:5026/media/perfumes/afnan/images/supremacy_in_oud_68283.webp → 200 (17ms, 11614B)
[2026-08-04T08:04:31.061Z] GET http://localhost:5026/media/perfumes/afnan/images/mystique_bouquet_92434.webp → 200 (21ms, 10586B)
[2026-08-04T08:04:31.062Z] GET http://localhost:5026/media/perfumes/afnan/images/rare_carbon_66627.webp → 200 (20ms, 7414B)
[2026-08-04T08:04:31.062Z] GET http://localhost:5026/media/perfumes/afnan/images/supremacy_incense_64372.webp → 200 (29ms, 10588B)
[2026-08-04T08:04:31.071Z] GET http://localhost:5026/media/perfumes/afnan/images/turathi_brown_84403.webp → 200 (20ms, 15294B)
[2026-08-04T08:04:31.071Z] GET http://localhost:5026/media/perfumes/afnan/images/lynked_freedom_119003.webp → 200 (20ms, 11100B)
[2026-08-04T08:04:31.071Z] GET http://localhost:5026/media/perfumes/afnan/images/modest_pour_homme_une_69256.webp → 200 (20ms, 10130B)
[2026-08-04T08:04:31.071Z] GET http://localhost:5026/media/perfumes/afnan/images/mirsaal_of_trust_66849.webp → 200 (20ms, 11660B)
[2026-08-04T08:04:31.071Z] GET http://localhost:5026/media/perfumes/afnan/images/modest_deux_59135.webp → 200 (20ms, 9272B)
[2026-08-04T08:04:31.071Z] GET http://localhost:5026/media/perfumes/afnan/images/cherry_bouquet_92435.webp → 200 (21ms, 10374B)
[2026-08-04T08:04:31.071Z] GET http://localhost:5026/media/perfumes/afnan/images/pure_musk_78614.webp → 200 (22ms, 6992B)
[2026-08-04T08:04:31.071Z] GET http://localhost:5026/media/perfumes/afnan/images/supremacy_noir_40683.webp → 200 (22ms, 8860B)
[2026-08-04T08:04:35.188Z] GET http://localhost:3000/marka/adidas → 200 (54ms, 6490B)
[2026-08-04T08:04:35.249Z] GET http://localhost:3000/_next/static/chunks/src_perfume-comparer-web_src_app_globals_1kowgbp.css → 304 (9ms, ?B)
[2026-08-04T08:04:35.249Z] GET http://localhost:3000/_next/static/chunks/%5Bturbopack%5D_browser_dev_hmr-client_hmr-client_ts_0b4hjvo._.js → 200 (14ms, ?B)
[2026-08-04T08:04:35.249Z] GET http://localhost:3000/_next/static/chunks/01d5_next_dist_compiled_next-devtools_index_07ycjaq.js → 200 (26ms, ?B)
[2026-08-04T08:04:35.249Z] GET http://localhost:3000/_next/static/chunks/01d5_next_dist_compiled_react-dom_0-xmo_9._.js → 200 (20ms, ?B)
[2026-08-04T08:04:35.249Z] GET http://localhost:3000/_next/static/chunks/01d5_next_dist_compiled_react-server-dom-turbopack_1cdelyf._.js → 200 (14ms, ?B)
[2026-08-04T08:04:35.249Z] GET http://localhost:3000/_next/static/chunks/01d5_next_dist_compiled_0z2j911._.js → 200 (26ms, ?B)
[2026-08-04T08:04:35.250Z] GET http://localhost:3000/_next/static/chunks/01d5_next_dist_client_00b162t._.js → 200 (29ms, ?B)
[2026-08-04T08:04:35.250Z] GET http://localhost:3000/_next/static/chunks/01d5_next_dist_1t1vbm1._.js → 200 (25ms, ?B)
[2026-08-04T08:04:35.250Z] GET http://localhost:3000/_next/static/chunks/01d5_%40swc_helpers_cjs_0-dwtys._.js → 200 (27ms, ?B)
[2026-08-04T08:04:35.250Z] GET http://localhost:3000/_next/static/chunks/src_perfume-comparer-web_1anvha4._.js → 200 (25ms, ?B)
[2026-08-04T08:04:35.250Z] GET http://localhost:3000/_next/static/chunks/turbopack-src_perfume-comparer-web_1w_cc43._.js → 200 (31ms, ?B)
[2026-08-04T08:04:35.250Z] GET http://localhost:3000/_next/static/chunks/src_perfume-comparer-web_src_0hxx-ed._.js → 200 (40ms, ?B)
[2026-08-04T08:04:35.250Z] GET http://localhost:3000/_next/static/chunks/01d5_next_18t8uho._.js → 200 (40ms, ?B)
[2026-08-04T08:04:35.250Z] GET http://localhost:3000/_next/static/chunks/src_perfume-comparer-web_src_app_layout_tsx_0zdms-1._.js → 200 (40ms, ?B)
[2026-08-04T08:04:35.250Z] GET http://localhost:3000/_next/static/chunks/src_perfume-comparer-web_src_1v-4hg0._.js → 200 (41ms, ?B)
[2026-08-04T08:04:35.250Z] GET http://localhost:3000/_next/static/chunks/src_perfume-comparer-web_src_app_marka_%5Bslug%5D_page_tsx_1zjgrze._.js → 200 (45ms, ?B)
[2026-08-04T08:04:35.250Z] GET http://localhost:3000/_next/static/chunks/01d5_next_dist_client_components_builtin_global-error_1zjgrze.js → 200 (42ms, ?B)
[2026-08-04T08:04:35.290Z] GET http://localhost:3000/_next/static/chunks/%5Bturbopack%5D_browser_dev_hmr-client_hmr-client_ts_1mojsay._.js → 200 (11ms, ?B)
[2026-08-04T08:04:35.290Z] GET http://localhost:3000/_next/static/chunks/%5Bturbopack%5D_browser_dev_hmr-client_hmr-client_ts_1hbh5nd._.js → 200 (11ms, ?B)
[2026-08-04T08:04:35.320Z] GET http://localhost:5026/api/brands/adidas → 200 (11ms, 2149B)
[2026-08-04T08:04:35.320Z] GET http://localhost:5026/api/perfumes?brand=adidas&page=1&pageSize=24 → 200 (6ms, 10088B)
[2026-08-04T08:04:35.410Z] GET http://localhost:5026/media/brand_images/adidas.webp → 200 (29ms, -214B)
[2026-08-04T08:04:35.435Z] GET http://localhost:5026/media/perfumes/adidas/images/adidas_ice_dive_7211.webp → 200 (4ms, -215B)
[2026-08-04T08:04:35.435Z] GET http://localhost:5026/media/perfumes/adidas/images/fruity_rhythm_2852.webp → 200 (5ms, -215B)
[2026-08-04T08:04:35.435Z] GET http://localhost:5026/media/perfumes/adidas/images/pure_lightness_2855.webp → 200 (5ms, -215B)
[2026-08-04T08:04:35.435Z] GET http://localhost:5026/media/perfumes/adidas/images/pure_game_11527.webp → 200 (5ms, -215B)
[2026-08-04T08:04:35.435Z] GET http://localhost:5026/media/perfumes/adidas/images/adidas_active_bodies_7873.webp → 200 (5ms, -215B)
[2026-08-04T08:04:35.435Z] GET http://localhost:5026/media/perfumes/adidas/images/adidas_victory_league_3163.webp → 200 (5ms, -215B)
[2026-08-04T08:04:35.435Z] GET http://localhost:5026/media/perfumes/adidas/images/natural_vitality_4495.webp → 200 (5ms, -215B)
[2026-08-04T08:04:35.435Z] GET http://localhost:5026/media/perfumes/adidas/images/moves_21916.webp → 200 (5ms, -215B)
[2026-08-04T08:04:35.439Z] GET http://localhost:5026/media/perfumes/adidas/images/born_original_for_her_31213.webp → 200 (1ms, -215B)
[2026-08-04T08:04:35.439Z] GET http://localhost:5026/media/perfumes/adidas/images/adidas_dynamic_pulse_21829.webp → 200 (1ms, -215B)
[2026-08-04T08:04:35.439Z] GET http://localhost:5026/media/perfumes/adidas/images/floral_dream_2853.webp → 200 (2ms, -215B)
[2026-08-04T08:04:35.439Z] GET http://localhost:5026/media/perfumes/adidas/images/adidas_get_ready_for_her_23741.webp → 200 (2ms, -215B)
[2026-08-04T08:04:38.490Z] GET http://localhost:5026/media/perfumes/adidas/images/fizzy_energy_14515.webp → 200 (?ms, -215B)
[2026-08-04T08:04:38.490Z] GET http://localhost:5026/media/perfumes/adidas/images/adidas_team_force_7207.webp → 200 (?ms, -215B)
[2026-08-04T08:04:38.490Z] GET http://localhost:5026/media/perfumes/adidas/images/adidas_get_ready_for_him_23743.webp → 200 (?ms, -215B)
[2026-08-04T08:04:38.490Z] GET http://localhost:5026/media/perfumes/adidas/images/adidas_uefa_champions_league_edition_26757.webp → 200 (?ms, -215B)
[2026-08-04T08:04:38.490Z] GET http://localhost:5026/media/perfumes/adidas/images/get_comfy_98557.webp → 200 (1ms, -214B)
[2026-08-04T08:04:38.490Z] GET http://localhost:5026/media/perfumes/adidas/images/team_five_20613.webp → 200 (1ms, -215B)
[2026-08-04T08:04:38.490Z] GET http://localhost:5026/media/perfumes/adidas/images/happy_feels_98469.webp → 200 (1ms, -214B)
[2026-08-04T08:04:38.490Z] GET http://localhost:5026/media/perfumes/adidas/images/adidas_deep_energy_21828.webp → 200 (1ms, -215B)
[2026-08-04T08:04:38.490Z] GET http://localhost:5026/media/perfumes/adidas/images/spark_up_98468.webp → 200 (1ms, -214B)
[2026-08-04T08:04:38.490Z] GET http://localhost:5026/media/perfumes/adidas/images/energy_drive_98467.webp → 200 (1ms, -214B)
[2026-08-04T08:04:38.490Z] GET http://localhost:5026/media/perfumes/adidas/images/tropical_passion_2854.webp → 200 (1ms, -215B)
[2026-08-04T08:04:38.490Z] GET http://localhost:5026/media/perfumes/adidas/images/happy_game_11033.webp → 200 (2ms, -215B)
[2026-08-04T08:05:00.727Z] GET http://localhost:3000/marka/adidas → 200 (76ms, 6490B)
[2026-08-04T08:05:00.812Z] GET http://localhost:3000/_next/static/chunks/src_perfume-comparer-web_src_app_globals_1kowgbp.css → 304 (10ms, ?B)
[2026-08-04T08:05:00.812Z] GET http://localhost:3000/_next/static/chunks/%5Bturbopack%5D_browser_dev_hmr-client_hmr-client_ts_0b4hjvo._.js → 304 (11ms, ?B)
[2026-08-04T08:05:00.816Z] GET http://localhost:3000/_next/static/chunks/01d5_next_dist_compiled_next-devtools_index_07ycjaq.js → 304 (7ms, ?B)
[2026-08-04T08:05:00.816Z] GET http://localhost:3000/_next/static/chunks/01d5_next_dist_compiled_react-dom_0-xmo_9._.js → 304 (9ms, ?B)
[2026-08-04T08:05:00.816Z] GET http://localhost:3000/_next/static/chunks/01d5_next_dist_compiled_react-server-dom-turbopack_1cdelyf._.js → 304 (9ms, ?B)
[2026-08-04T08:05:00.816Z] GET http://localhost:3000/_next/static/chunks/01d5_next_dist_compiled_0z2j911._.js → 304 (9ms, ?B)
[2026-08-04T08:05:00.816Z] GET http://localhost:3000/_next/static/chunks/01d5_next_dist_client_00b162t._.js → 304 (9ms, ?B)
[2026-08-04T08:05:00.816Z] GET http://localhost:3000/_next/static/chunks/01d5_next_dist_1t1vbm1._.js → 304 (14ms, ?B)
[2026-08-04T08:05:00.821Z] GET http://localhost:3000/_next/static/chunks/01d5_%40swc_helpers_cjs_0-dwtys._.js → 304 (9ms, ?B)
[2026-08-04T08:05:00.821Z] GET http://localhost:3000/_next/static/chunks/src_perfume-comparer-web_1anvha4._.js → 304 (9ms, ?B)
[2026-08-04T08:05:00.821Z] GET http://localhost:3000/_next/static/chunks/turbopack-src_perfume-comparer-web_1w_cc43._.js → 304 (9ms, ?B)
[2026-08-04T08:05:00.821Z] GET http://localhost:3000/_next/static/chunks/src_perfume-comparer-web_src_0hxx-ed._.js → 304 (9ms, ?B)
[2026-08-04T08:05:00.821Z] GET http://localhost:3000/_next/static/chunks/01d5_next_18t8uho._.js → 304 (9ms, ?B)
[2026-08-04T08:05:00.821Z] GET http://localhost:3000/_next/static/chunks/src_perfume-comparer-web_src_app_layout_tsx_0zdms-1._.js → 304 (9ms, ?B)
[2026-08-04T08:05:00.822Z] GET http://localhost:3000/_next/static/chunks/src_perfume-comparer-web_src_1v-4hg0._.js → 304 (8ms, ?B)
[2026-08-04T08:05:00.822Z] GET http://localhost:3000/_next/static/chunks/src_perfume-comparer-web_src_app_marka_%5Bslug%5D_page_tsx_1zjgrze._.js → 304 (23ms, ?B)
[2026-08-04T08:05:00.822Z] GET http://localhost:3000/_next/static/chunks/01d5_next_dist_client_components_builtin_global-error_1zjgrze.js → 304 (22ms, ?B)
[2026-08-04T08:05:00.844Z] GET http://localhost:3000/_next/static/chunks/%5Bturbopack%5D_browser_dev_hmr-client_hmr-client_ts_1mojsay._.js → 304 (6ms, ?B)
[2026-08-04T08:05:00.844Z] GET http://localhost:3000/_next/static/chunks/%5Bturbopack%5D_browser_dev_hmr-client_hmr-client_ts_1hbh5nd._.js → 304 (6ms, ?B)
[2026-08-04T08:05:00.876Z] GET http://localhost:5026/api/brands/adidas → 200 (141ms, 2149B)
[2026-08-04T08:05:00.876Z] GET http://localhost:5026/api/perfumes?brand=adidas&page=1&pageSize=24 → 200 (140ms, 10088B)
[2026-08-04T08:05:01.068Z] GET http://localhost:5026/media/brand_images/adidas.webp → 200 (?ms, -214B)
[2026-08-04T08:05:01.068Z] GET http://localhost:5026/media/perfumes/adidas/images/adidas_ice_dive_7211.webp → 200 (?ms, -215B)
[2026-08-04T08:05:01.068Z] GET http://localhost:5026/media/perfumes/adidas/images/fruity_rhythm_2852.webp → 200 (?ms, -215B)
[2026-08-04T08:05:01.069Z] GET http://localhost:5026/media/perfumes/adidas/images/pure_lightness_2855.webp → 200 (?ms, -215B)
[2026-08-04T08:05:01.069Z] GET http://localhost:5026/media/perfumes/adidas/images/pure_game_11527.webp → 200 (?ms, -215B)
[2026-08-04T08:05:01.069Z] GET http://localhost:5026/media/perfumes/adidas/images/adidas_active_bodies_7873.webp → 200 (?ms, -215B)
[2026-08-04T08:05:01.069Z] GET http://localhost:5026/media/perfumes/adidas/images/adidas_victory_league_3163.webp → 200 (?ms, -215B)
[2026-08-04T08:05:01.069Z] GET http://localhost:5026/media/perfumes/adidas/images/natural_vitality_4495.webp → 200 (?ms, -215B)
[2026-08-04T08:05:01.069Z] GET http://localhost:5026/media/perfumes/adidas/images/moves_21916.webp → 200 (?ms, -215B)
[2026-08-04T08:05:01.069Z] GET http://localhost:5026/media/perfumes/adidas/images/born_original_for_her_31213.webp → 200 (?ms, -215B)
[2026-08-04T08:05:01.070Z] GET http://localhost:5026/media/perfumes/adidas/images/adidas_dynamic_pulse_21829.webp → 200 (?ms, -215B)
[2026-08-04T08:05:01.070Z] GET http://localhost:5026/media/perfumes/adidas/images/floral_dream_2853.webp → 200 (?ms, -215B)
[2026-08-04T08:05:01.070Z] GET http://localhost:5026/media/perfumes/adidas/images/adidas_get_ready_for_her_23741.webp → 200 (?ms, -215B)
[2026-08-04T08:05:01.070Z] GET http://localhost:5026/media/perfumes/adidas/images/fizzy_energy_14515.webp → 200 (?ms, -215B)
[2026-08-04T08:05:01.070Z] GET http://localhost:5026/media/perfumes/adidas/images/adidas_team_force_7207.webp → 200 (?ms, -215B)
[2026-08-04T08:05:01.070Z] GET http://localhost:5026/media/perfumes/adidas/images/adidas_get_ready_for_him_23743.webp → 200 (?ms, -215B)
[2026-08-04T08:05:01.071Z] GET http://localhost:5026/media/perfumes/adidas/images/adidas_uefa_champions_league_edition_26757.webp → 200 (?ms, -215B)
[2026-08-04T08:05:01.071Z] GET http://localhost:5026/media/perfumes/adidas/images/get_comfy_98557.webp → 200 (?ms, -214B)
[2026-08-04T08:05:01.071Z] GET http://localhost:5026/media/perfumes/adidas/images/team_five_20613.webp → 200 (?ms, -215B)
[2026-08-04T08:05:01.071Z] GET http://localhost:5026/media/perfumes/adidas/images/happy_feels_98469.webp → 200 (?ms, -214B)
[2026-08-04T08:05:01.071Z] GET http://localhost:5026/media/perfumes/adidas/images/adidas_deep_energy_21828.webp → 200 (?ms, -215B)
[2026-08-04T08:05:01.071Z] GET http://localhost:5026/media/perfumes/adidas/images/spark_up_98468.webp → 200 (1ms, -214B)
[2026-08-04T08:05:01.072Z] GET http://localhost:5026/media/perfumes/adidas/images/energy_drive_98467.webp → 200 (?ms, -214B)
[2026-08-04T08:05:01.072Z] GET http://localhost:5026/media/perfumes/adidas/images/tropical_passion_2854.webp → 200 (?ms, -215B)
[2026-08-04T08:05:01.072Z] GET http://localhost:5026/media/perfumes/adidas/images/happy_game_11033.webp → 200 (?ms, -215B)
[2026-08-04T08:05:05.029Z] GET http://localhost:5026/api/perfumes?brand=adidas&page=1&pageSize=24&gender=kadin → 200 (47ms, 10221B)
[2026-08-04T08:05:05.181Z] GET http://localhost:5026/media/perfumes/adidas/images/free_emotion_6296.webp → 200 (1ms, 11754B)
[2026-08-04T08:05:05.181Z] GET http://localhost:5026/media/perfumes/adidas/images/moves_her_40653.webp → 200 (4ms, 6076B)
[2026-08-04T08:05:05.181Z] GET http://localhost:5026/media/perfumes/adidas/images/adidas_floral_dream_7213.webp → 200 (3ms, 17352B)
[2026-08-04T08:05:05.181Z] GET http://localhost:5026/media/perfumes/adidas/images/fun_sensations_17802.webp → 200 (3ms, 15932B)
[2026-08-04T08:05:05.181Z] GET http://localhost:5026/media/perfumes/adidas/images/adidas_fresh_escape_9183.webp → 200 (4ms, 3982B)
[2026-08-04T08:05:05.181Z] GET http://localhost:5026/media/perfumes/adidas/images/adidas_fresh_vibes_21823.webp → 200 (3ms, 18934B)
[2026-08-04T08:05:05.181Z] GET http://localhost:5026/media/perfumes/adidas/images/adidas_sport_unlsh_for_her_59446.webp → 200 (7ms, 13840B)
[2026-08-04T08:05:05.181Z] GET http://localhost:5026/media/perfumes/adidas/images/adidas_woman_citrus_energy_7204.webp → 200 (7ms, 13092B)
[2026-08-04T08:05:05.182Z] GET http://localhost:5026/media/perfumes/adidas/images/adidas_woman_fitness_fresh_7203.webp → 200 (6ms, 13860B)
[2026-08-04T08:05:05.182Z] GET http://localhost:5026/media/perfumes/adidas/images/adidas_moves_pulse_her_10384.webp → 200 (7ms, 8914B)
[2026-08-04T08:05:05.182Z] GET http://localhost:5026/media/perfumes/adidas/images/born_original_today_pour_elle_43406.webp → 200 (7ms, 9626B)
[2026-08-04T08:05:05.182Z] GET http://localhost:5026/media/perfumes/adidas/images/adidas_woman_active_start_7205.webp → 200 (7ms, 15678B)
[2026-08-04T08:05:05.182Z] GET http://localhost:5026/media/perfumes/adidas/images/adidas_sport_uplft_for_her_59445.webp → 200 (7ms, 7686B)
[2026-08-04T08:05:05.182Z] GET http://localhost:5026/media/perfumes/adidas/images/adidas_sensual_instinct_7210.webp → 200 (7ms, 19128B)
[2026-08-04T08:05:05.182Z] GET http://localhost:5026/media/perfumes/adidas/images/energy_game_3705.webp → 200 (7ms, 11298B)
[2026-08-04T08:05:08.185Z] GET http://localhost:5026/api/perfumes?brand=adidas&page=2&pageSize=24&gender=kadin → 200 (33ms, 2178B)
[2026-08-04T08:05:08.266Z] GET http://localhost:5026/media/perfumes/adidas/images/adidas_originals_pour_femme_3160.webp → 200 (9ms, 14000B)
[2026-08-04T08:05:08.266Z] GET http://localhost:5026/media/perfumes/adidas/images/adidas_3_women_1828.webp → 200 (9ms, 14614B)
[2026-08-04T08:05:08.266Z] GET http://localhost:5026/media/perfumes/adidas/images/unlock_for_her_55604.webp → 200 (9ms, 8802B)
[2026-08-04T08:05:08.266Z] GET http://localhost:5026/media/perfumes/adidas/images/adidas_adrenaline_21825.webp → 200 (9ms, 12720B)
[2026-08-04T08:05:08.266Z] GET http://localhost:5026/media/perfumes/adidas/images/adidas_3_extreme_pour_elle_1831.webp → 200 (9ms, 15486B)
[2026-08-04T08:10:07.903Z] GET http://localhost:3000/__nextjs_font/geist-latin.woff2 → 200 (131ms, 28369B)
[2026-08-04T08:10:07.946Z] POST http://localhost:3000/__nextjs_original-stack-frames → 200 (183ms, 942B)
[2026-08-04T08:10:07.948Z] GET http://localhost:3000/__nextjs_font/geist-mono-latin.woff2 → 200 (89ms, 31301B)
[2026-08-04T08:10:08.170Z] GET http://localhost:3000/__nextjs_font/geist-mono-latin-ext.woff2 → 200 (7ms, 13049B)
[2026-08-04T08:10:20.418Z] GET http://localhost:3000/marka/adidas → 200 (123ms, 6490B)
[2026-08-04T08:10:20.428Z] GET http://localhost:5026/api/brands/adidas → pending (?ms, ?B)
[2026-08-04T08:10:20.429Z] GET http://localhost:5026/api/perfumes?brand=adidas&page=1&pageSize=24 → pending (?ms, ?B)
[2026-08-04T08:10:20.596Z] GET http://localhost:3000/_next/static/chunks/src_perfume-comparer-web_src_app_globals_1kowgbp.css → 304 (27ms, ?B)
[2026-08-04T08:10:20.596Z] GET http://localhost:3000/_next/static/chunks/%5Bturbopack%5D_browser_dev_hmr-client_hmr-client_ts_0b4hjvo._.js → 200 (46ms, ?B)
[2026-08-04T08:10:20.596Z] GET http://localhost:3000/_next/static/chunks/01d5_next_dist_compiled_next-devtools_index_07ycjaq.js → 200 (60ms, ?B)
[2026-08-04T08:10:20.596Z] GET http://localhost:3000/_next/static/chunks/01d5_next_dist_compiled_react-dom_0-xmo_9._.js → 200 (59ms, ?B)
[2026-08-04T08:10:20.596Z] GET http://localhost:3000/_next/static/chunks/01d5_next_dist_compiled_react-server-dom-turbopack_1cdelyf._.js → 200 (53ms, ?B)
[2026-08-04T08:10:20.596Z] GET http://localhost:3000/_next/static/chunks/01d5_next_dist_compiled_0z2j911._.js → 200 (51ms, ?B)
[2026-08-04T08:10:20.596Z] GET http://localhost:3000/_next/static/chunks/01d5_next_dist_client_00b162t._.js → 200 (76ms, ?B)
[2026-08-04T08:10:20.597Z] GET http://localhost:3000/_next/static/chunks/01d5_next_dist_1t1vbm1._.js → 200 (58ms, ?B)
[2026-08-04T08:10:20.597Z] GET http://localhost:3000/_next/static/chunks/01d5_%40swc_helpers_cjs_0-dwtys._.js → 200 (77ms, ?B)
[2026-08-04T08:10:20.597Z] GET http://localhost:3000/_next/static/chunks/src_perfume-comparer-web_1anvha4._.js → 200 (61ms, ?B)
[2026-08-04T08:10:20.597Z] GET http://localhost:3000/_next/static/chunks/turbopack-src_perfume-comparer-web_1w_cc43._.js → 200 (76ms, ?B)
[2026-08-04T08:10:20.597Z] GET http://localhost:3000/_next/static/chunks/src_perfume-comparer-web_src_0hxx-ed._.js → 200 (80ms, ?B)
[2026-08-04T08:10:20.597Z] GET http://localhost:3000/_next/static/chunks/01d5_next_18t8uho._.js → 200 (80ms, ?B)
[2026-08-04T08:10:20.601Z] GET http://localhost:3000/_next/static/chunks/src_perfume-comparer-web_src_app_layout_tsx_0zdms-1._.js → 200 (77ms, ?B)
[2026-08-04T08:10:20.602Z] GET http://localhost:3000/_next/static/chunks/src_perfume-comparer-web_src_1v-4hg0._.js → 200 (122ms, 11629B)
[2026-08-04T08:10:20.602Z] GET http://localhost:3000/_next/static/chunks/src_perfume-comparer-web_src_app_marka_%5Bslug%5D_page_tsx_1zjgrze._.js → 200 (97ms, ?B)
[2026-08-04T08:10:20.602Z] GET http://localhost:3000/_next/static/chunks/01d5_next_dist_client_components_builtin_global-error_1zjgrze.js → 200 (93ms, ?B)
[2026-08-04T08:10:20.676Z] GET http://localhost:3000/_next/static/chunks/%5Bturbopack%5D_browser_dev_hmr-client_hmr-client_ts_1mojsay._.js → 200 (23ms, ?B)
[2026-08-04T08:10:20.676Z] GET http://localhost:3000/_next/static/chunks/%5Bturbopack%5D_browser_dev_hmr-client_hmr-client_ts_1hbh5nd._.js → 200 (33ms, ?B)
[2026-08-04T08:10:20.696Z] GET http://localhost:3000/__nextjs_font/geist-mono-latin-ext.woff2 → 200 (?ms, -209B)
[2026-08-04T08:10:20.696Z] GET http://localhost:3000/__nextjs_font/geist-latin.woff2 → 200 (?ms, -209B)
[2026-08-04T08:10:20.699Z] GET http://localhost:3000/__nextjs_font/geist-mono-latin.woff2 → 200 (?ms, -209B)
[2026-08-04T08:10:20.738Z] GET http://localhost:5026/api/brands/adidas → 200 (24ms, 2149B)
[2026-08-04T08:10:20.739Z] GET http://localhost:5026/api/perfumes?brand=adidas&page=1&pageSize=24 → 200 (19ms, 10088B)
[2026-08-04T08:10:20.828Z] GET http://localhost:5026/media/brand_images/adidas.webp → 200 (?ms, -214B)
[2026-08-04T08:10:20.828Z] GET http://localhost:5026/media/perfumes/adidas/images/fruity_rhythm_2852.webp → 200 (1ms, -215B)
[2026-08-04T08:10:20.829Z] GET http://localhost:5026/media/perfumes/adidas/images/pure_lightness_2855.webp → 200 (?ms, -215B)
[2026-08-04T08:10:20.829Z] GET http://localhost:5026/media/perfumes/adidas/images/natural_vitality_4495.webp → 200 (?ms, ?B)
[2026-08-04T08:10:20.829Z] GET http://localhost:5026/media/perfumes/adidas/images/born_original_for_her_31213.webp → 200 (?ms, ?B)
[2026-08-04T08:10:20.829Z] GET http://localhost:5026/media/perfumes/adidas/images/floral_dream_2853.webp → 200 (?ms, ?B)
[2026-08-04T08:10:20.830Z] GET http://localhost:5026/media/perfumes/adidas/images/adidas_get_ready_for_her_23741.webp → 200 (?ms, ?B)
[2026-08-04T08:10:20.833Z] GET http://localhost:5026/media/perfumes/adidas/images/fizzy_energy_14515.webp → 200 (6ms, ?B)
[2026-08-04T08:10:20.856Z] GET http://localhost:5026/media/perfumes/adidas/images/tropical_passion_2854.webp → 200 (?ms, ?B)
[2026-08-04T08:10:20.866Z] GET http://localhost:5026/media/perfumes/adidas/images/happy_game_11033.webp → 200 (?ms, -215B)
[2026-08-04T08:10:20.867Z] GET http://localhost:5026/media/perfumes/adidas/images/adidas_ice_dive_7211.webp → 200 (2ms, -215B)
[2026-08-04T08:10:20.867Z] GET http://localhost:5026/media/perfumes/adidas/images/pure_game_11527.webp → 200 (2ms, -215B)
[2026-08-04T08:10:20.867Z] GET http://localhost:5026/media/perfumes/adidas/images/adidas_active_bodies_7873.webp → 200 (2ms, -215B)
[2026-08-04T08:10:20.867Z] GET http://localhost:5026/media/perfumes/adidas/images/adidas_victory_league_3163.webp → 200 (2ms, -215B)
[2026-08-04T08:10:20.867Z] GET http://localhost:5026/media/perfumes/adidas/images/moves_21916.webp → 200 (2ms, -215B)
[2026-08-04T08:10:20.867Z] GET http://localhost:5026/media/perfumes/adidas/images/adidas_dynamic_pulse_21829.webp → 200 (6ms, -215B)
[2026-08-04T08:10:20.867Z] GET http://localhost:5026/media/perfumes/adidas/images/adidas_team_force_7207.webp → 200 (6ms, -215B)
[2026-08-04T08:10:20.867Z] GET http://localhost:5026/media/perfumes/adidas/images/adidas_get_ready_for_him_23743.webp → 200 (6ms, -215B)
[2026-08-04T08:10:20.868Z] GET http://localhost:5026/media/perfumes/adidas/images/adidas_uefa_champions_league_edition_26757.webp → 200 (5ms, -215B)
[2026-08-04T08:10:20.868Z] GET http://localhost:5026/media/perfumes/adidas/images/get_comfy_98557.webp → 200 (6ms, -214B)
[2026-08-04T08:10:20.868Z] GET http://localhost:5026/media/perfumes/adidas/images/team_five_20613.webp → 200 (6ms, -215B)
[2026-08-04T08:10:20.868Z] GET http://localhost:5026/media/perfumes/adidas/images/happy_feels_98469.webp → 200 (6ms, -214B)
[2026-08-04T08:10:20.868Z] GET http://localhost:5026/media/perfumes/adidas/images/adidas_deep_energy_21828.webp → 200 (6ms, -215B)
[2026-08-04T08:10:20.868Z] GET http://localhost:5026/media/perfumes/adidas/images/spark_up_98468.webp → 200 (7ms, -214B)
[2026-08-04T08:10:20.868Z] GET http://localhost:5026/media/perfumes/adidas/images/energy_drive_98467.webp → 200 (9ms, -214B)
[2026-08-04T08:10:49.208Z] GET http://localhost:3000/_next/static/chunks/src_perfume-comparer-web_src_app_globals_1kowgbp.css → 200 (11ms, 8710B)
[2026-08-04T08:11:12.224Z] GET http://localhost:3000/marka/adidas → 200 (61ms, 6491B)
[2026-08-04T08:11:12.295Z] GET http://localhost:3000/_next/static/chunks/src_perfume-comparer-web_src_app_globals_1kowgbp.css → 304 (3ms, ?B)
[2026-08-04T08:11:12.295Z] GET http://localhost:3000/_next/static/chunks/%5Bturbopack%5D_browser_dev_hmr-client_hmr-client_ts_0b4hjvo._.js → 200 (11ms, ?B)
[2026-08-04T08:11:12.295Z] GET http://localhost:3000/_next/static/chunks/01d5_next_dist_compiled_next-devtools_index_07ycjaq.js → 200 (28ms, ?B)
[2026-08-04T08:11:12.295Z] GET http://localhost:3000/_next/static/chunks/01d5_next_dist_compiled_react-dom_0-xmo_9._.js → 200 (26ms, ?B)
[2026-08-04T08:11:12.295Z] GET http://localhost:3000/_next/static/chunks/01d5_next_dist_compiled_react-server-dom-turbopack_1cdelyf._.js → 200 (23ms, ?B)
[2026-08-04T08:11:12.295Z] GET http://localhost:3000/_next/static/chunks/01d5_next_dist_compiled_0z2j911._.js → 200 (27ms, ?B)
[2026-08-04T08:11:12.295Z] GET http://localhost:3000/_next/static/chunks/01d5_next_dist_client_00b162t._.js → 200 (25ms, ?B)
[2026-08-04T08:11:12.295Z] GET http://localhost:3000/_next/static/chunks/01d5_next_dist_1t1vbm1._.js → 200 (26ms, ?B)
[2026-08-04T08:11:12.295Z] GET http://localhost:3000/_next/static/chunks/01d5_%40swc_helpers_cjs_0-dwtys._.js → 200 (27ms, ?B)
[2026-08-04T08:11:12.295Z] GET http://localhost:3000/_next/static/chunks/src_perfume-comparer-web_1anvha4._.js → 200 (28ms, ?B)
[2026-08-04T08:11:12.295Z] GET http://localhost:3000/_next/static/chunks/turbopack-src_perfume-comparer-web_1w_cc43._.js → 200 (28ms, ?B)
[2026-08-04T08:11:12.295Z] GET http://localhost:3000/_next/static/chunks/src_perfume-comparer-web_src_0hxx-ed._.js → 200 (37ms, ?B)
[2026-08-04T08:11:12.295Z] GET http://localhost:3000/_next/static/chunks/01d5_next_18t8uho._.js → 200 (38ms, ?B)
[2026-08-04T08:11:12.296Z] GET http://localhost:3000/_next/static/chunks/src_perfume-comparer-web_src_app_layout_tsx_0zdms-1._.js → 200 (37ms, ?B)
[2026-08-04T08:11:12.296Z] GET http://localhost:3000/_next/static/chunks/src_perfume-comparer-web_src_1v-4hg0._.js → 200 (37ms, ?B)
[2026-08-04T08:11:12.296Z] GET http://localhost:3000/_next/static/chunks/src_perfume-comparer-web_src_app_marka_%5Bslug%5D_page_tsx_1zjgrze._.js → 200 (37ms, ?B)
[2026-08-04T08:11:12.296Z] GET http://localhost:3000/_next/static/chunks/01d5_next_dist_client_components_builtin_global-error_1zjgrze.js → 200 (37ms, ?B)
[2026-08-04T08:11:12.332Z] GET http://localhost:3000/_next/static/chunks/%5Bturbopack%5D_browser_dev_hmr-client_hmr-client_ts_1mojsay._.js → 200 (3ms, ?B)
[2026-08-04T08:11:12.332Z] GET http://localhost:3000/_next/static/chunks/%5Bturbopack%5D_browser_dev_hmr-client_hmr-client_ts_1hbh5nd._.js → 200 (4ms, ?B)
[2026-08-04T08:11:12.342Z] GET http://localhost:3000/__nextjs_font/geist-mono-latin-ext.woff2 → 200 (?ms, -209B)
[2026-08-04T08:11:12.342Z] GET http://localhost:3000/__nextjs_font/geist-latin.woff2 → 200 (?ms, -209B)
[2026-08-04T08:11:12.342Z] GET http://localhost:3000/__nextjs_font/geist-mono-latin.woff2 → 200 (?ms, -209B)
[2026-08-04T08:11:12.360Z] GET http://localhost:5026/api/brands/adidas → 200 (50ms, 2149B)
[2026-08-04T08:11:12.360Z] GET http://localhost:5026/api/perfumes?brand=adidas&page=1&pageSize=24 → 200 (24ms, 10088B)
[2026-08-04T08:11:12.461Z] GET http://localhost:5026/media/brand_images/adidas.webp → 200 (?ms, -214B)
[2026-08-04T08:11:12.462Z] GET http://localhost:5026/media/perfumes/adidas/images/adidas_ice_dive_7211.webp → 200 (?ms, -215B)
[2026-08-04T08:11:12.462Z] GET http://localhost:5026/media/perfumes/adidas/images/fruity_rhythm_2852.webp → 200 (?ms, -215B)
[2026-08-04T08:11:12.462Z] GET http://localhost:5026/media/perfumes/adidas/images/pure_lightness_2855.webp → 200 (?ms, -215B)
[2026-08-04T08:11:12.462Z] GET http://localhost:5026/media/perfumes/adidas/images/pure_game_11527.webp → 200 (?ms, -215B)
[2026-08-04T08:11:12.462Z] GET http://localhost:5026/media/perfumes/adidas/images/adidas_active_bodies_7873.webp → 200 (?ms, -215B)
[2026-08-04T08:11:12.462Z] GET http://localhost:5026/media/perfumes/adidas/images/adidas_victory_league_3163.webp → 200 (?ms, -215B)
[2026-08-04T08:11:12.462Z] GET http://localhost:5026/media/perfumes/adidas/images/natural_vitality_4495.webp → 200 (1ms, -215B)
[2026-08-04T08:11:12.463Z] GET http://localhost:5026/media/perfumes/adidas/images/moves_21916.webp → 200 (?ms, -215B)
[2026-08-04T08:11:12.463Z] GET http://localhost:5026/media/perfumes/adidas/images/born_original_for_her_31213.webp → 200 (?ms, -215B)
[2026-08-04T08:11:12.463Z] GET http://localhost:5026/media/perfumes/adidas/images/adidas_dynamic_pulse_21829.webp → 200 (?ms, -215B)
[2026-08-04T08:11:12.463Z] GET http://localhost:5026/media/perfumes/adidas/images/floral_dream_2853.webp → 200 (?ms, -215B)
[2026-08-04T08:11:12.463Z] GET http://localhost:5026/media/perfumes/adidas/images/adidas_get_ready_for_her_23741.webp → 200 (?ms, -215B)
[2026-08-04T08:11:12.463Z] GET http://localhost:5026/media/perfumes/adidas/images/fizzy_energy_14515.webp → 200 (1ms, -215B)
[2026-08-04T08:11:12.464Z] GET http://localhost:5026/media/perfumes/adidas/images/adidas_team_force_7207.webp → 200 (?ms, -215B)
[2026-08-04T08:11:12.464Z] GET http://localhost:5026/media/perfumes/adidas/images/adidas_get_ready_for_him_23743.webp → 200 (?ms, -215B)
[2026-08-04T08:11:12.464Z] GET http://localhost:5026/media/perfumes/adidas/images/adidas_uefa_champions_league_edition_26757.webp → 200 (?ms, -215B)
[2026-08-04T08:11:12.464Z] GET http://localhost:5026/media/perfumes/adidas/images/get_comfy_98557.webp → 200 (?ms, -214B)
[2026-08-04T08:11:12.465Z] GET http://localhost:5026/media/perfumes/adidas/images/team_five_20613.webp → 200 (?ms, -215B)
[2026-08-04T08:11:12.465Z] GET http://localhost:5026/media/perfumes/adidas/images/happy_feels_98469.webp → 200 (?ms, -214B)
[2026-08-04T08:11:12.465Z] GET http://localhost:5026/media/perfumes/adidas/images/adidas_deep_energy_21828.webp → 200 (?ms, -215B)
[2026-08-04T08:11:12.465Z] GET http://localhost:5026/media/perfumes/adidas/images/spark_up_98468.webp → 200 (?ms, -214B)
[2026-08-04T08:11:12.465Z] GET http://localhost:5026/media/perfumes/adidas/images/energy_drive_98467.webp → 200 (1ms, -214B)
[2026-08-04T08:11:12.466Z] GET http://localhost:5026/media/perfumes/adidas/images/tropical_passion_2854.webp → 200 (?ms, -215B)
[2026-08-04T08:11:12.466Z] GET http://localhost:5026/media/perfumes/adidas/images/happy_game_11033.webp → 200 (?ms, -215B)
[2026-08-04T08:12:05.168Z] GET http://localhost:5026/api/perfumes?brand=adidas&page=1&pageSize=24 → 200 (55ms, 10088B)
[2026-08-04T08:12:15.604Z] GET http://localhost:3000/marka/abercrombie-fitch → 200 (119ms, 6503B)
[2026-08-04T08:12:15.727Z] GET http://localhost:3000/_next/static/chunks/src_perfume-comparer-web_src_app_globals_1kowgbp.css → 304 (9ms, ?B)
[2026-08-04T08:12:15.727Z] GET http://localhost:3000/_next/static/chunks/%5Bturbopack%5D_browser_dev_hmr-client_hmr-client_ts_0b4hjvo._.js → 200 (25ms, ?B)
[2026-08-04T08:12:15.727Z] GET http://localhost:3000/_next/static/chunks/01d5_next_dist_compiled_next-devtools_index_07ycjaq.js → 200 (36ms, ?B)
[2026-08-04T08:12:15.727Z] GET http://localhost:3000/_next/static/chunks/01d5_next_dist_compiled_react-dom_0-xmo_9._.js → 200 (37ms, ?B)
[2026-08-04T08:12:15.727Z] GET http://localhost:3000/_next/static/chunks/01d5_next_dist_compiled_react-server-dom-turbopack_1cdelyf._.js → 200 (29ms, ?B)
[2026-08-04T08:12:15.727Z] GET http://localhost:3000/_next/static/chunks/01d5_next_dist_compiled_0z2j911._.js → 200 (26ms, ?B)
[2026-08-04T08:12:15.728Z] GET http://localhost:3000/_next/static/chunks/01d5_next_dist_client_00b162t._.js → 200 (36ms, ?B)
[2026-08-04T08:12:15.728Z] GET http://localhost:3000/_next/static/chunks/01d5_next_dist_1t1vbm1._.js → 200 (33ms, ?B)
[2026-08-04T08:12:15.728Z] GET http://localhost:3000/_next/static/chunks/01d5_%40swc_helpers_cjs_0-dwtys._.js → 200 (34ms, ?B)
[2026-08-04T08:12:15.728Z] GET http://localhost:3000/_next/static/chunks/src_perfume-comparer-web_1anvha4._.js → 200 (31ms, ?B)
[2026-08-04T08:12:15.728Z] GET http://localhost:3000/_next/static/chunks/turbopack-src_perfume-comparer-web_1w_cc43._.js → 200 (37ms, ?B)
[2026-08-04T08:12:15.728Z] GET http://localhost:3000/_next/static/chunks/src_perfume-comparer-web_src_0hxx-ed._.js → 200 (46ms, ?B)
[2026-08-04T08:12:15.728Z] GET http://localhost:3000/_next/static/chunks/01d5_next_18t8uho._.js → 200 (49ms, ?B)
[2026-08-04T08:12:15.728Z] GET http://localhost:3000/_next/static/chunks/src_perfume-comparer-web_src_app_layout_tsx_0zdms-1._.js → 200 (46ms, ?B)
[2026-08-04T08:12:15.728Z] GET http://localhost:3000/_next/static/chunks/src_perfume-comparer-web_src_1v-4hg0._.js → 200 (63ms, 11721B)
[2026-08-04T08:12:15.728Z] GET http://localhost:3000/_next/static/chunks/src_perfume-comparer-web_src_app_marka_%5Bslug%5D_page_tsx_1zjgrze._.js → 200 (49ms, ?B)
[2026-08-04T08:12:15.728Z] GET http://localhost:3000/_next/static/chunks/01d5_next_dist_client_components_builtin_global-error_1zjgrze.js → 200 (49ms, ?B)
[2026-08-04T08:12:15.774Z] GET http://localhost:3000/_next/static/chunks/%5Bturbopack%5D_browser_dev_hmr-client_hmr-client_ts_1mojsay._.js → 200 (7ms, ?B)
[2026-08-04T08:12:15.774Z] GET http://localhost:3000/_next/static/chunks/%5Bturbopack%5D_browser_dev_hmr-client_hmr-client_ts_1hbh5nd._.js → 200 (16ms, ?B)
[2026-08-04T08:12:15.791Z] GET http://localhost:3000/__nextjs_font/geist-mono-latin-ext.woff2 → 200 (?ms, -209B)
[2026-08-04T08:12:15.791Z] GET http://localhost:3000/__nextjs_font/geist-latin.woff2 → 200 (?ms, -209B)
[2026-08-04T08:12:15.791Z] GET http://localhost:3000/__nextjs_font/geist-mono-latin.woff2 → 200 (?ms, -209B)
[2026-08-04T08:12:15.805Z] GET http://localhost:5026/api/brands/abercrombie-fitch → 200 (10ms, 2094B)
[2026-08-04T08:12:15.805Z] GET http://localhost:5026/api/perfumes?brand=abercrombie-fitch&page=1&pageSize=24 → 200 (5ms, 11900B)
[2026-08-04T08:12:15.868Z] GET http://localhost:5026/media/brand_images/abercrombie_fitch.webp → 200 (17ms, -214B)
[2026-08-04T08:12:15.882Z] GET http://localhost:5026/media/perfumes/abercrombie_fitch/images/fierce_3508.webp → 200 (4ms, -215B)
[2026-08-04T08:12:15.882Z] GET http://localhost:5026/media/perfumes/abercrombie_fitch/images/first_instinct_37753.webp → 200 (6ms, -214B)
[2026-08-04T08:12:15.882Z] GET http://localhost:5026/media/perfumes/abercrombie_fitch/images/first_instinct_for_her_43763.webp → 200 (6ms, -215B)
[2026-08-04T08:12:15.882Z] GET http://localhost:5026/media/perfumes/abercrombie_fitch/images/authentic_man_54004.webp → 200 (11ms, -215B)
[2026-08-04T08:12:15.882Z] GET http://localhost:5026/media/perfumes/abercrombie_fitch/images/authentic_night_homme_61858.webp → 200 (11ms, -215B)
[2026-08-04T08:12:15.882Z] GET http://localhost:5026/media/perfumes/abercrombie_fitch/images/first_instinct_extreme_52880.webp → 200 (11ms, -215B)
[2026-08-04T08:12:15.882Z] GET http://localhost:5026/media/perfumes/abercrombie_fitch/images/authentic_woman_54005.webp → 200 (12ms, -215B)
[2026-08-04T08:12:15.883Z] GET http://localhost:5026/media/perfumes/abercrombie_fitch/images/first_instinct_blue_50034.webp → 200 (11ms, -215B)
[2026-08-04T08:12:15.883Z] GET http://localhost:5026/media/perfumes/abercrombie_fitch/images/first_instinct_together_eau_de_toilette_for_him_59431.webp → 200 (11ms, -214B)
[2026-08-04T08:12:15.883Z] GET http://localhost:5026/media/perfumes/abercrombie_fitch/images/authentic_night_femme_61859.webp → 200 (11ms, -215B)
[2026-08-04T08:12:15.883Z] GET http://localhost:5026/media/perfumes/abercrombie_fitch/images/naturally_fierce_67069.webp → 200 (13ms, -214B)
[2026-08-04T08:12:15.883Z] GET http://localhost:5026/media/perfumes/abercrombie_fitch/images/first_instinct_blue_for_her_50657.webp → 200 (13ms, -214B)
[2026-08-04T08:12:15.883Z] GET http://localhost:5026/media/perfumes/abercrombie_fitch/images/authentic_self_woman_79907.webp → 200 (13ms, -215B)
[2026-08-04T08:12:15.883Z] GET http://localhost:5026/media/perfumes/abercrombie_fitch/images/authentic_moment_man_79927.webp → 200 (13ms, -215B)
[2026-08-04T08:12:15.883Z] GET http://localhost:5026/media/perfumes/abercrombie_fitch/images/8_3506.webp → 200 (13ms, -215B)
[2026-08-04T08:12:15.883Z] GET http://localhost:5026/media/perfumes/abercrombie_fitch/images/away_woman_68244.webp → 200 (15ms, -215B)
[2026-08-04T08:12:15.883Z] GET http://localhost:5026/media/perfumes/abercrombie_fitch/images/away_tonight_woman_75951.webp → 200 (15ms, -215B)
[2026-08-04T08:12:15.883Z] GET http://localhost:5026/media/perfumes/abercrombie_fitch/images/authentic_moment_woman_79928.webp → 200 (15ms, -215B)
[2026-08-04T08:12:15.883Z] GET http://localhost:5026/media/perfumes/abercrombie_fitch/images/away_man_68243.webp → 200 (15ms, -215B)
[2026-08-04T08:12:15.884Z] GET http://localhost:5026/media/perfumes/abercrombie_fitch/images/authentic_self_man_79908.webp → 200 (15ms, -215B)
[2026-08-04T08:12:15.884Z] GET http://localhost:5026/media/perfumes/abercrombie_fitch/images/first_instinct_sheer_52881.webp → 200 (15ms, -214B)
[2026-08-04T08:12:15.884Z] GET http://localhost:5026/media/perfumes/abercrombie_fitch/images/away_weekend_woman_83093.webp → 200 (15ms, -215B)
[2026-08-04T08:12:15.884Z] GET http://localhost:5026/media/perfumes/abercrombie_fitch/images/fierce_intense_38012.webp → 200 (15ms, -214B)
[2026-08-04T08:12:15.884Z] GET http://localhost:5026/media/perfumes/abercrombie_fitch/images/away_tonight_man_75952.webp → 200 (15ms, -215B)
[2026-08-04T08:12:18.935Z] GET http://localhost:3000/marka/chanel → 200 (33ms, ?B)
[2026-08-04T08:12:18.974Z] GET http://localhost:3000/_next/static/chunks/src_perfume-comparer-web_src_app_globals_1kowgbp.css → 304 (2ms, ?B)
[2026-08-04T08:12:18.974Z] GET http://localhost:3000/_next/static/chunks/%5Bturbopack%5D_browser_dev_hmr-client_hmr-client_ts_0b4hjvo._.js → 304 (4ms, ?B)
[2026-08-04T08:12:18.974Z] GET http://localhost:3000/_next/static/chunks/01d5_next_dist_compiled_next-devtools_index_07ycjaq.js → 304 (4ms, ?B)
[2026-08-04T08:12:18.974Z] GET http://localhost:3000/_next/static/chunks/01d5_next_dist_compiled_react-dom_0-xmo_9._.js → 304 (4ms, ?B)
[2026-08-04T08:12:18.974Z] GET http://localhost:3000/_next/static/chunks/01d5_next_dist_compiled_react-server-dom-turbopack_1cdelyf._.js → 304 (4ms, ?B)
[2026-08-04T08:12:18.974Z] GET http://localhost:3000/_next/static/chunks/01d5_next_dist_compiled_0z2j911._.js → pending (?ms, ?B)
[2026-08-04T08:12:18.975Z] GET http://localhost:3000/_next/static/chunks/01d5_next_dist_client_00b162t._.js → pending (?ms, ?B)
[2026-08-04T08:12:18.975Z] GET http://localhost:3000/_next/static/chunks/01d5_next_dist_1t1vbm1._.js → pending (?ms, ?B)
[2026-08-04T08:12:18.975Z] GET http://localhost:3000/_next/static/chunks/01d5_%40swc_helpers_cjs_0-dwtys._.js → pending (?ms, ?B)
[2026-08-04T08:12:18.975Z] GET http://localhost:3000/_next/static/chunks/src_perfume-comparer-web_1anvha4._.js → pending (?ms, ?B)
[2026-08-04T08:12:18.975Z] GET http://localhost:3000/_next/static/chunks/turbopack-src_perfume-comparer-web_1w_cc43._.js → pending (?ms, ?B)
[2026-08-04T08:12:18.975Z] GET http://localhost:3000/_next/static/chunks/src_perfume-comparer-web_src_0hxx-ed._.js → pending (?ms, ?B)
[2026-08-04T08:12:18.975Z] GET http://localhost:3000/_next/static/chunks/01d5_next_18t8uho._.js → pending (?ms, ?B)
[2026-08-04T08:12:18.975Z] GET http://localhost:3000/_next/static/chunks/src_perfume-comparer-web_src_app_layout_tsx_0zdms-1._.js → pending (?ms, ?B)
[2026-08-04T08:12:18.975Z] GET http://localhost:3000/_next/static/chunks/src_perfume-comparer-web_src_1v-4hg0._.js → pending (?ms, ?B)
[2026-08-04T08:12:18.976Z] GET http://localhost:3000/_next/static/chunks/src_perfume-comparer-web_src_app_marka_%5Bslug%5D_page_tsx_1zjgrze._.js → pending (?ms, ?B)
[2026-08-04T08:12:18.976Z] GET http://localhost:3000/_next/static/chunks/01d5_next_dist_client_components_builtin_global-error_1zjgrze.js → pending (?ms, ?B)
[2026-08-04T08:12:18.997Z] GET http://localhost:3000/_next/static/chunks/%5Bturbopack%5D_browser_dev_hmr-client_hmr-client_ts_1mojsay._.js → 304 (13ms, ?B)
[2026-08-04T08:12:18.997Z] GET http://localhost:3000/_next/static/chunks/%5Bturbopack%5D_browser_dev_hmr-client_hmr-client_ts_1hbh5nd._.js → 304 (13ms, ?B)
[2026-08-04T08:12:19.008Z] GET http://localhost:3000/__nextjs_font/geist-mono-latin-ext.woff2 → 200 (1ms, -209B)
[2026-08-04T08:12:19.009Z] GET http://localhost:3000/__nextjs_font/geist-latin.woff2 → 200 (?ms, -209B)
[2026-08-04T08:12:19.009Z] GET http://localhost:3000/__nextjs_font/geist-mono-latin.woff2 → 200 (1ms, -209B)
[2026-08-04T08:12:19.029Z] GET http://localhost:5026/api/brands/chanel → 200 (31ms, 2112B)
[2026-08-04T08:12:19.030Z] GET http://localhost:5026/api/perfumes?brand=chanel&page=1&pageSize=24 → 200 (18ms, 10606B)
[2026-08-04T08:12:19.109Z] GET http://localhost:5026/media/brand_images/chanel.webp → 200 (4ms, -214B)
[2026-08-04T08:12:19.128Z] GET http://localhost:5026/media/perfumes/chanel/images/coco_mademoiselle_611.webp → 200 (3ms, -214B)
[2026-08-04T08:12:19.128Z] GET http://localhost:5026/media/perfumes/chanel/images/bleu_de_chanel_eau_de_parfum_25967.webp → 200 (3ms, -214B)
[2026-08-04T08:12:19.128Z] GET http://localhost:5026/media/perfumes/chanel/images/bleu_de_chanel_9099.webp → 200 (3ms, -214B)
[2026-08-04T08:12:19.128Z] GET http://localhost:5026/media/perfumes/chanel/images/chance_eau_tendre_8069.webp → 200 (3ms, -215B)
[2026-08-04T08:12:19.128Z] GET http://localhost:5026/media/perfumes/chanel/images/allure_homme_sport_607.webp → 200 (6ms, -215B)
[2026-08-04T08:12:19.128Z] GET http://localhost:5026/media/perfumes/chanel/images/chance_eau_fraiche_1483.webp → 200 (6ms, -214B)
[2026-08-04T08:12:19.128Z] GET http://localhost:5026/media/perfumes/chanel/images/chanel_no_5_parfum_28711.webp → 200 (6ms, -215B)
[2026-08-04T08:12:19.129Z] GET http://localhost:5026/media/perfumes/chanel/images/coco_eau_de_parfum_609.webp → 200 (5ms, -215B)
[2026-08-04T08:12:19.129Z] GET http://localhost:5026/media/perfumes/chanel/images/allure_homme_sport_eau_extreme_14669.webp → 200 (5ms, -215B)
[2026-08-04T08:12:19.129Z] GET http://localhost:5026/media/perfumes/chanel/images/chance_eau_de_toilette_610.webp → 200 (5ms, -215B)
[2026-08-04T08:12:19.129Z] GET http://localhost:5026/media/perfumes/chanel/images/egoiste_platinum_614.webp → 200 (6ms, -215B)
[2026-08-04T08:12:19.129Z] GET http://localhost:5026/media/perfumes/chanel/images/chanel_no_5_eau_de_parfum_40069.webp → 200 (6ms, -215B)
[2026-08-04T08:12:19.129Z] GET http://localhost:5026/media/perfumes/chanel/images/coco_noir_15963.webp → 200 (6ms, -215B)
[2026-08-04T08:12:19.129Z] GET http://localhost:5026/media/perfumes/chanel/images/bleu_de_chanel_parfum_49912.webp → 200 (6ms, -215B)
[2026-08-04T08:12:19.129Z] GET http://localhost:5026/media/perfumes/chanel/images/allure_eau_de_parfum_176.webp → 200 (6ms, -214B)
[2026-08-04T08:12:19.130Z] GET http://localhost:5026/media/perfumes/chanel/images/gabrielle_43718.webp → 200 (5ms, -215B)
[2026-08-04T08:12:19.130Z] GET http://localhost:5026/media/perfumes/chanel/images/allure_homme_edition_blanche_2653.webp → 200 (5ms, -214B)
[2026-08-04T08:12:19.130Z] GET http://localhost:5026/media/perfumes/chanel/images/egoiste_613.webp → 200 (5ms, -215B)
[2026-08-04T08:12:19.130Z] GET http://localhost:5026/media/perfumes/chanel/images/allure_sensuelle_606.webp → 200 (5ms, -214B)
[2026-08-04T08:12:19.130Z] GET http://localhost:5026/media/perfumes/chanel/images/allure_homme_523.webp → 200 (5ms, -215B)
[2026-08-04T08:12:19.130Z] GET http://localhost:5026/media/perfumes/chanel/images/chanel_no_5_l_eau_38543.webp → 200 (5ms, -214B)
[2026-08-04T08:12:19.130Z] GET http://localhost:5026/media/perfumes/chanel/images/chanel_no_19_eau_de_parfum_12345.webp → 200 (6ms, -215B)
[2026-08-04T08:12:19.130Z] GET http://localhost:5026/media/perfumes/chanel/images/chance_eau_de_parfum_31351.webp → 200 (6ms, -215B)
[2026-08-04T08:12:19.131Z] GET http://localhost:5026/media/perfumes/chanel/images/chanel_n05_eau_premiere_1360.webp → 200 (5ms, -215B)
[2026-08-04T08:12:22.194Z] GET http://localhost:3000/marka/chanel → 200 (34ms, 6488B)
[2026-08-04T08:12:22.235Z] GET http://localhost:3000/_next/static/chunks/src_perfume-comparer-web_src_app_globals_1kowgbp.css → 304 (1ms, ?B)
[2026-08-04T08:12:22.235Z] GET http://localhost:3000/_next/static/chunks/%5Bturbopack%5D_browser_dev_hmr-client_hmr-client_ts_0b4hjvo._.js → 304 (3ms, ?B)
[2026-08-04T08:12:22.235Z] GET http://localhost:3000/_next/static/chunks/01d5_next_dist_compiled_next-devtools_index_07ycjaq.js → 304 (3ms, ?B)
[2026-08-04T08:12:22.235Z] GET http://localhost:3000/_next/static/chunks/01d5_next_dist_compiled_react-dom_0-xmo_9._.js → 304 (4ms, ?B)
[2026-08-04T08:12:22.235Z] GET http://localhost:3000/_next/static/chunks/01d5_next_dist_compiled_react-server-dom-turbopack_1cdelyf._.js → 304 (4ms, ?B)
[2026-08-04T08:12:22.235Z] GET http://localhost:3000/_next/static/chunks/01d5_next_dist_compiled_0z2j911._.js → 304 (5ms, ?B)
[2026-08-04T08:12:22.235Z] GET http://localhost:3000/_next/static/chunks/01d5_next_dist_client_00b162t._.js → 304 (5ms, ?B)
[2026-08-04T08:12:22.235Z] GET http://localhost:3000/_next/static/chunks/01d5_next_dist_1t1vbm1._.js → 304 (6ms, ?B)
[2026-08-04T08:12:22.235Z] GET http://localhost:3000/_next/static/chunks/01d5_%40swc_helpers_cjs_0-dwtys._.js → 304 (7ms, ?B)
[2026-08-04T08:12:22.235Z] GET http://localhost:3000/_next/static/chunks/src_perfume-comparer-web_1anvha4._.js → 304 (8ms, ?B)
[2026-08-04T08:12:22.235Z] GET http://localhost:3000/_next/static/chunks/turbopack-src_perfume-comparer-web_1w_cc43._.js → 304 (8ms, ?B)
[2026-08-04T08:12:22.235Z] GET http://localhost:3000/_next/static/chunks/src_perfume-comparer-web_src_0hxx-ed._.js → 304 (15ms, ?B)
[2026-08-04T08:12:22.236Z] GET http://localhost:3000/_next/static/chunks/01d5_next_18t8uho._.js → 304 (14ms, ?B)
[2026-08-04T08:12:22.236Z] GET http://localhost:3000/_next/static/chunks/src_perfume-comparer-web_src_app_layout_tsx_0zdms-1._.js → 304 (14ms, ?B)
[2026-08-04T08:12:22.236Z] GET http://localhost:3000/_next/static/chunks/src_perfume-comparer-web_src_1v-4hg0._.js → 304 (14ms, ?B)
[2026-08-04T08:12:22.236Z] GET http://localhost:3000/_next/static/chunks/src_perfume-comparer-web_src_app_marka_%5Bslug%5D_page_tsx_1zjgrze._.js → 304 (14ms, ?B)
[2026-08-04T08:12:22.236Z] GET http://localhost:3000/_next/static/chunks/01d5_next_dist_client_components_builtin_global-error_1zjgrze.js → 304 (15ms, ?B)
[2026-08-04T08:12:22.250Z] GET http://localhost:3000/_next/static/chunks/%5Bturbopack%5D_browser_dev_hmr-client_hmr-client_ts_1mojsay._.js → 304 (7ms, ?B)
[2026-08-04T08:12:22.250Z] GET http://localhost:3000/_next/static/chunks/%5Bturbopack%5D_browser_dev_hmr-client_hmr-client_ts_1hbh5nd._.js → 304 (7ms, ?B)
[2026-08-04T08:12:22.256Z] GET http://localhost:3000/__nextjs_font/geist-mono-latin-ext.woff2 → 200 (?ms, -209B)
[2026-08-04T08:12:22.256Z] GET http://localhost:3000/__nextjs_font/geist-latin.woff2 → 200 (?ms, -209B)
[2026-08-04T08:12:22.256Z] GET http://localhost:3000/__nextjs_font/geist-mono-latin.woff2 → 200 (?ms, -209B)
[2026-08-04T08:12:22.277Z] GET http://localhost:5026/api/brands/chanel → 200 (7ms, 2112B)
[2026-08-04T08:12:22.277Z] GET http://localhost:5026/api/perfumes?brand=chanel&page=1&pageSize=24 → 200 (4ms, 10606B)
[2026-08-04T08:12:22.339Z] GET http://localhost:5026/media/brand_images/chanel.webp → 200 (?ms, -214B)
[2026-08-04T08:12:22.339Z] GET http://localhost:5026/media/perfumes/chanel/images/coco_mademoiselle_611.webp → 200 (?ms, -214B)
[2026-08-04T08:12:22.339Z] GET http://localhost:5026/media/perfumes/chanel/images/bleu_de_chanel_eau_de_parfum_25967.webp → 200 (?ms, -214B)
[2026-08-04T08:12:22.339Z] GET http://localhost:5026/media/perfumes/chanel/images/bleu_de_chanel_9099.webp → 200 (?ms, -214B)
[2026-08-04T08:12:22.339Z] GET http://localhost:5026/media/perfumes/chanel/images/chance_eau_tendre_8069.webp → 200 (?ms, -215B)
[2026-08-04T08:12:22.339Z] GET http://localhost:5026/media/perfumes/chanel/images/allure_homme_sport_607.webp → 200 (?ms, -215B)
[2026-08-04T08:12:22.340Z] GET http://localhost:5026/media/perfumes/chanel/images/chance_eau_fraiche_1483.webp → 200 (?ms, -214B)
[2026-08-04T08:12:22.340Z] GET http://localhost:5026/media/perfumes/chanel/images/chanel_no_5_parfum_28711.webp → 200 (?ms, -215B)
[2026-08-04T08:12:22.340Z] GET http://localhost:5026/media/perfumes/chanel/images/coco_eau_de_parfum_609.webp → 200 (?ms, -215B)
[2026-08-04T08:12:22.340Z] GET http://localhost:5026/media/perfumes/chanel/images/allure_homme_sport_eau_extreme_14669.webp → 200 (?ms, -215B)
[2026-08-04T08:12:22.340Z] GET http://localhost:5026/media/perfumes/chanel/images/chance_eau_de_toilette_610.webp → 200 (1ms, -215B)
[2026-08-04T08:12:22.341Z] GET http://localhost:5026/media/perfumes/chanel/images/egoiste_platinum_614.webp → 200 (?ms, -215B)
[2026-08-04T08:12:22.341Z] GET http://localhost:5026/media/perfumes/chanel/images/chanel_no_5_eau_de_parfum_40069.webp → 200 (?ms, -215B)
[2026-08-04T08:12:22.341Z] GET http://localhost:5026/media/perfumes/chanel/images/coco_noir_15963.webp → 200 (?ms, -215B)
[2026-08-04T08:12:22.341Z] GET http://localhost:5026/media/perfumes/chanel/images/bleu_de_chanel_parfum_49912.webp → 200 (?ms, -215B)
[2026-08-04T08:12:22.341Z] GET http://localhost:5026/media/perfumes/chanel/images/allure_eau_de_parfum_176.webp → 200 (?ms, -214B)
[2026-08-04T08:12:22.341Z] GET http://localhost:5026/media/perfumes/chanel/images/gabrielle_43718.webp → 200 (?ms, -215B)
[2026-08-04T08:12:22.342Z] GET http://localhost:5026/media/perfumes/chanel/images/allure_homme_edition_blanche_2653.webp → 200 (?ms, -214B)
[2026-08-04T08:12:22.342Z] GET http://localhost:5026/media/perfumes/chanel/images/egoiste_613.webp → 200 (?ms, -215B)
[2026-08-04T08:12:22.342Z] GET http://localhost:5026/media/perfumes/chanel/images/allure_sensuelle_606.webp → 200 (?ms, -214B)
[2026-08-04T08:12:22.342Z] GET http://localhost:5026/media/perfumes/chanel/images/allure_homme_523.webp → 200 (?ms, -215B)
[2026-08-04T08:12:22.342Z] GET http://localhost:5026/media/perfumes/chanel/images/chanel_no_5_l_eau_38543.webp → 200 (?ms, -214B)
[2026-08-04T08:12:22.342Z] GET http://localhost:5026/media/perfumes/chanel/images/chanel_no_19_eau_de_parfum_12345.webp → 200 (?ms, -215B)
[2026-08-04T08:12:22.342Z] GET http://localhost:5026/media/perfumes/chanel/images/chance_eau_de_parfum_31351.webp → 200 (?ms, -215B)
[2026-08-04T08:12:22.342Z] GET http://localhost:5026/media/perfumes/chanel/images/chanel_n05_eau_premiere_1360.webp → 200 (?ms, -215B)
[2026-08-04T08:12:45.474Z] GET http://localhost:3000/marka/dior → 200 (53ms, 6489B)
[2026-08-04T08:12:45.536Z] GET http://localhost:3000/_next/static/chunks/src_perfume-comparer-web_src_app_globals_1kowgbp.css → 304 (12ms, ?B)
[2026-08-04T08:12:45.536Z] GET http://localhost:3000/_next/static/chunks/%5Bturbopack%5D_browser_dev_hmr-client_hmr-client_ts_0b4hjvo._.js → 304 (14ms, ?B)
[2026-08-04T08:12:45.536Z] GET http://localhost:3000/_next/static/chunks/01d5_next_dist_compiled_next-devtools_index_07ycjaq.js → 304 (13ms, ?B)
[2026-08-04T08:12:45.536Z] GET http://localhost:3000/_next/static/chunks/01d5_next_dist_compiled_react-dom_0-xmo_9._.js → 304 (17ms, ?B)
[2026-08-04T08:12:45.536Z] GET http://localhost:3000/_next/static/chunks/01d5_next_dist_compiled_react-server-dom-turbopack_1cdelyf._.js → 304 (18ms, ?B)
[2026-08-04T08:12:45.536Z] GET http://localhost:3000/_next/static/chunks/01d5_next_dist_compiled_0z2j911._.js → 304 (20ms, ?B)
[2026-08-04T08:12:45.538Z] GET http://localhost:3000/_next/static/chunks/01d5_next_dist_client_00b162t._.js → 304 (16ms, ?B)
[2026-08-04T08:12:45.538Z] GET http://localhost:3000/_next/static/chunks/01d5_next_dist_1t1vbm1._.js → 304 (16ms, ?B)
[2026-08-04T08:12:45.538Z] GET http://localhost:3000/_next/static/chunks/01d5_%40swc_helpers_cjs_0-dwtys._.js → 304 (21ms, ?B)
[2026-08-04T08:12:45.538Z] GET http://localhost:3000/_next/static/chunks/src_perfume-comparer-web_1anvha4._.js → 304 (21ms, ?B)
[2026-08-04T08:12:45.539Z] GET http://localhost:3000/_next/static/chunks/turbopack-src_perfume-comparer-web_1w_cc43._.js → 304 (20ms, ?B)
[2026-08-04T08:12:45.539Z] GET http://localhost:3000/_next/static/chunks/src_perfume-comparer-web_src_0hxx-ed._.js → 304 (28ms, ?B)
[2026-08-04T08:12:45.539Z] GET http://localhost:3000/_next/static/chunks/01d5_next_18t8uho._.js → 304 (29ms, ?B)
[2026-08-04T08:12:45.539Z] GET http://localhost:3000/_next/static/chunks/src_perfume-comparer-web_src_app_layout_tsx_0zdms-1._.js → 304 (29ms, ?B)
[2026-08-04T08:12:45.539Z] GET http://localhost:3000/_next/static/chunks/src_perfume-comparer-web_src_1v-4hg0._.js → 304 (29ms, ?B)
[2026-08-04T08:12:45.539Z] GET http://localhost:3000/_next/static/chunks/src_perfume-comparer-web_src_app_marka_%5Bslug%5D_page_tsx_1zjgrze._.js → 304 (29ms, ?B)
[2026-08-04T08:12:45.539Z] GET http://localhost:3000/_next/static/chunks/01d5_next_dist_client_components_builtin_global-error_1zjgrze.js → 304 (29ms, ?B)
[2026-08-04T08:12:45.567Z] GET http://localhost:3000/_next/static/chunks/%5Bturbopack%5D_browser_dev_hmr-client_hmr-client_ts_1mojsay._.js → 304 (3ms, ?B)
[2026-08-04T08:12:45.567Z] GET http://localhost:3000/_next/static/chunks/%5Bturbopack%5D_browser_dev_hmr-client_hmr-client_ts_1hbh5nd._.js → 304 (3ms, ?B)
[2026-08-04T08:12:45.572Z] GET http://localhost:3000/__nextjs_font/geist-mono-latin-ext.woff2 → 200 (1ms, -209B)
[2026-08-04T08:12:45.573Z] GET http://localhost:3000/__nextjs_font/geist-latin.woff2 → 200 (?ms, -209B)
[2026-08-04T08:12:45.573Z] GET http://localhost:3000/__nextjs_font/geist-mono-latin.woff2 → 200 (?ms, -209B)
[2026-08-04T08:12:45.596Z] GET http://localhost:5026/api/brands/dior → 200 (20ms, 2664B)
[2026-08-04T08:12:45.596Z] GET http://localhost:5026/api/perfumes?brand=dior&page=1&pageSize=24 → 200 (19ms, 9701B)
[2026-08-04T08:12:45.669Z] GET http://localhost:5026/media/brand_images/dior.webp → 200 (?ms, -215B)
[2026-08-04T08:12:45.680Z] GET http://localhost:5026/media/perfumes/dior/images/sauvage_31861.webp → 200 (8ms, 9716B)
[2026-08-04T08:12:45.680Z] GET http://localhost:5026/media/perfumes/dior/images/hypnotic_poison_219.webp → 200 (8ms, 13778B)
[2026-08-04T08:12:45.680Z] GET http://localhost:5026/media/perfumes/dior/images/j_adore_210.webp → 200 (16ms, 9226B)
[2026-08-04T08:12:45.680Z] GET http://localhost:5026/media/perfumes/dior/images/dior_homme_intense_2011_13016.webp → 200 (15ms, 13108B)
[2026-08-04T08:12:45.680Z] GET http://localhost:5026/media/perfumes/dior/images/fahrenheit_228.webp → 200 (16ms, 9566B)
[2026-08-04T08:12:45.680Z] GET http://localhost:5026/media/perfumes/dior/images/sauvage_elixir_68415.webp → 200 (8ms, 9414B)
[2026-08-04T08:12:45.680Z] GET http://localhost:5026/media/perfumes/dior/images/pure_poison_214.webp → 200 (15ms, 11940B)
[2026-08-04T08:12:45.680Z] GET http://localhost:5026/media/perfumes/dior/images/poison_218.webp → 200 (16ms, 13736B)
[2026-08-04T08:12:45.680Z] GET http://localhost:5026/media/perfumes/dior/images/dior_addict_215.webp → 200 (17ms, 6340B)
[2026-08-04T08:12:45.681Z] GET http://localhost:5026/media/perfumes/dior/images/sauvage_eau_de_parfum_48100.webp → 200 (16ms, 10948B)
[2026-08-04T08:12:45.681Z] GET http://localhost:5026/media/perfumes/dior/images/dune_221.webp → 200 (16ms, 16652B)
[2026-08-04T08:12:45.681Z] GET http://localhost:5026/media/perfumes/dior/images/miss_dior_blooming_bouquet_23280.webp → 200 (17ms, 22658B)
[2026-08-04T08:12:45.681Z] GET http://localhost:5026/media/perfumes/dior/images/dolce_vita_222.webp → 200 (17ms, 22566B)
[2026-08-04T08:12:45.681Z] GET http://localhost:5026/media/perfumes/dior/images/dior_homme_parfum_27417.webp → 200 (17ms, 15892B)
[2026-08-04T08:12:45.681Z] GET http://localhost:5026/media/perfumes/dior/images/midnight_poison_1282.webp → 200 (20ms, 15148B)
[2026-08-04T08:12:45.681Z] GET http://localhost:5026/media/perfumes/dior/images/poison_girl_35561.webp → 200 (19ms, 20162B)
[2026-08-04T08:12:45.681Z] GET http://localhost:5026/media/perfumes/dior/images/dior_homme_2020_58714.webp → 200 (20ms, 10226B)
[2026-08-04T08:12:45.681Z] GET http://localhost:5026/media/perfumes/dior/images/miss_dior_cherie_213.webp → 200 (20ms, 20532B)
[2026-08-04T08:12:45.681Z] GET http://localhost:5026/media/perfumes/dior/images/miss_dior_2012_17796.webp → 200 (20ms, 19614B)
[2026-08-04T08:12:45.681Z] GET http://localhost:5026/media/perfumes/dior/images/miss_dior_eau_de_parfum_2021_68905.webp → 200 (20ms, 23592B)
[2026-08-04T08:12:45.681Z] GET http://localhost:5026/media/perfumes/dior/images/dior_homme_13015.webp → 200 (20ms, 12266B)
[2026-08-04T08:12:45.681Z] GET http://localhost:5026/media/perfumes/dior/images/eau_sauvage_231.webp → 200 (21ms, 37584B)
[2026-08-04T08:12:45.681Z] GET http://localhost:5026/media/perfumes/dior/images/dior_homme_sport_2021_71326.webp → 200 (21ms, 8340B)
[2026-08-04T08:12:45.681Z] GET http://localhost:5026/media/perfumes/dior/images/sauvage_parfum_56324.webp → 200 (22ms, 10926B)
[2026-08-04T08:12:52.974Z] GET http://localhost:3000/marka/adidas → 200 (40ms, ?B)
[2026-08-04T08:12:53.018Z] GET http://localhost:3000/_next/static/chunks/src_perfume-comparer-web_src_app_globals_1kowgbp.css → 304 (2ms, ?B)
[2026-08-04T08:12:53.019Z] GET http://localhost:3000/_next/static/chunks/%5Bturbopack%5D_browser_dev_hmr-client_hmr-client_ts_0b4hjvo._.js → 304 (4ms, ?B)
[2026-08-04T08:12:53.019Z] GET http://localhost:3000/_next/static/chunks/01d5_next_dist_compiled_next-devtools_index_07ycjaq.js → 304 (5ms, ?B)
[2026-08-04T08:12:53.019Z] GET http://localhost:3000/_next/static/chunks/01d5_next_dist_compiled_react-dom_0-xmo_9._.js → 304 (5ms, ?B)
[2026-08-04T08:12:53.019Z] GET http://localhost:3000/_next/static/chunks/01d5_next_dist_compiled_react-server-dom-turbopack_1cdelyf._.js → 304 (6ms, ?B)
[2026-08-04T08:12:53.019Z] GET http://localhost:3000/_next/static/chunks/01d5_next_dist_compiled_0z2j911._.js → 304 (11ms, ?B)
[2026-08-04T08:12:53.019Z] GET http://localhost:3000/_next/static/chunks/01d5_next_dist_client_00b162t._.js → 304 (6ms, ?B)
[2026-08-04T08:12:53.020Z] GET http://localhost:3000/_next/static/chunks/01d5_next_dist_1t1vbm1._.js → 304 (10ms, ?B)
[2026-08-04T08:12:53.020Z] GET http://localhost:3000/_next/static/chunks/01d5_%40swc_helpers_cjs_0-dwtys._.js → 304 (11ms, ?B)
[2026-08-04T08:12:53.020Z] GET http://localhost:3000/_next/static/chunks/src_perfume-comparer-web_1anvha4._.js → 304 (10ms, ?B)
[2026-08-04T08:12:53.020Z] GET http://localhost:3000/_next/static/chunks/turbopack-src_perfume-comparer-web_1w_cc43._.js → 304 (10ms, ?B)
[2026-08-04T08:12:53.020Z] GET http://localhost:3000/_next/static/chunks/src_perfume-comparer-web_src_0hxx-ed._.js → 304 (17ms, ?B)
[2026-08-04T08:12:53.020Z] GET http://localhost:3000/_next/static/chunks/01d5_next_18t8uho._.js → 304 (17ms, ?B)
[2026-08-04T08:12:53.020Z] GET http://localhost:3000/_next/static/chunks/src_perfume-comparer-web_src_app_layout_tsx_0zdms-1._.js → 304 (18ms, ?B)
[2026-08-04T08:12:53.020Z] GET http://localhost:3000/_next/static/chunks/src_perfume-comparer-web_src_1v-4hg0._.js → 304 (18ms, ?B)
[2026-08-04T08:12:53.020Z] GET http://localhost:3000/_next/static/chunks/src_perfume-comparer-web_src_app_marka_%5Bslug%5D_page_tsx_1zjgrze._.js → 304 (18ms, ?B)
[2026-08-04T08:12:53.020Z] GET http://localhost:3000/_next/static/chunks/01d5_next_dist_client_components_builtin_global-error_1zjgrze.js → 304 (18ms, ?B)
[2026-08-04T08:12:53.037Z] GET http://localhost:3000/_next/static/chunks/%5Bturbopack%5D_browser_dev_hmr-client_hmr-client_ts_1mojsay._.js → 304 (4ms, ?B)
[2026-08-04T08:12:53.037Z] GET http://localhost:3000/_next/static/chunks/%5Bturbopack%5D_browser_dev_hmr-client_hmr-client_ts_1hbh5nd._.js → 304 (4ms, ?B)
[2026-08-04T08:12:53.046Z] GET http://localhost:3000/__nextjs_font/geist-mono-latin-ext.woff2 → 200 (?ms, -209B)
[2026-08-04T08:12:53.046Z] GET http://localhost:3000/__nextjs_font/geist-latin.woff2 → 200 (?ms, -209B)
[2026-08-04T08:12:53.046Z] GET http://localhost:3000/__nextjs_font/geist-mono-latin.woff2 → 200 (?ms, -209B)
[2026-08-04T08:12:53.061Z] GET http://localhost:5026/api/brands/adidas → 200 (8ms, 2149B)
[2026-08-04T08:12:53.061Z] GET http://localhost:5026/api/perfumes?brand=adidas&page=1&pageSize=24 → 200 (4ms, 10088B)
[2026-08-04T08:12:53.118Z] GET http://localhost:5026/media/brand_images/adidas.webp → 200 (1ms, -214B)
[2026-08-04T08:12:53.119Z] GET http://localhost:5026/media/perfumes/adidas/images/adidas_ice_dive_7211.webp → 200 (?ms, -215B)
[2026-08-04T08:12:53.119Z] GET http://localhost:5026/media/perfumes/adidas/images/fruity_rhythm_2852.webp → 200 (?ms, -215B)
[2026-08-04T08:12:53.119Z] GET http://localhost:5026/media/perfumes/adidas/images/pure_lightness_2855.webp → 200 (?ms, -215B)
[2026-08-04T08:12:53.119Z] GET http://localhost:5026/media/perfumes/adidas/images/pure_game_11527.webp → 200 (?ms, -215B)
[2026-08-04T08:12:53.119Z] GET http://localhost:5026/media/perfumes/adidas/images/adidas_active_bodies_7873.webp → 200 (1ms, -215B)
[2026-08-04T08:12:53.120Z] GET http://localhost:5026/media/perfumes/adidas/images/adidas_victory_league_3163.webp → 200 (?ms, -215B)
[2026-08-04T08:12:53.120Z] GET http://localhost:5026/media/perfumes/adidas/images/natural_vitality_4495.webp → 200 (?ms, -215B)
[2026-08-04T08:12:53.120Z] GET http://localhost:5026/media/perfumes/adidas/images/moves_21916.webp → 200 (?ms, -215B)
[2026-08-04T08:12:53.120Z] GET http://localhost:5026/media/perfumes/adidas/images/born_original_for_her_31213.webp → 200 (?ms, -215B)
[2026-08-04T08:12:53.120Z] GET http://localhost:5026/media/perfumes/adidas/images/adidas_dynamic_pulse_21829.webp → 200 (?ms, -215B)
[2026-08-04T08:12:53.120Z] GET http://localhost:5026/media/perfumes/adidas/images/floral_dream_2853.webp → 200 (?ms, -215B)
[2026-08-04T08:12:53.120Z] GET http://localhost:5026/media/perfumes/adidas/images/adidas_get_ready_for_her_23741.webp → 200 (?ms, -215B)
[2026-08-04T08:12:53.120Z] GET http://localhost:5026/media/perfumes/adidas/images/fizzy_energy_14515.webp → 200 (?ms, -215B)
[2026-08-04T08:12:53.121Z] GET http://localhost:5026/media/perfumes/adidas/images/adidas_team_force_7207.webp → 200 (?ms, -215B)
[2026-08-04T08:12:53.121Z] GET http://localhost:5026/media/perfumes/adidas/images/adidas_get_ready_for_him_23743.webp → 200 (?ms, -215B)
[2026-08-04T08:12:53.121Z] GET http://localhost:5026/media/perfumes/adidas/images/adidas_uefa_champions_league_edition_26757.webp → 200 (?ms, -215B)
[2026-08-04T08:12:53.121Z] GET http://localhost:5026/media/perfumes/adidas/images/get_comfy_98557.webp → 200 (?ms, -214B)
[2026-08-04T08:12:53.121Z] GET http://localhost:5026/media/perfumes/adidas/images/team_five_20613.webp → 200 (?ms, -215B)
[2026-08-04T08:12:53.121Z] GET http://localhost:5026/media/perfumes/adidas/images/happy_feels_98469.webp → 200 (?ms, -214B)
[2026-08-04T08:12:53.121Z] GET http://localhost:5026/media/perfumes/adidas/images/adidas_deep_energy_21828.webp → 200 (?ms, -215B)
[2026-08-04T08:12:53.121Z] GET http://localhost:5026/media/perfumes/adidas/images/spark_up_98468.webp → 200 (?ms, -214B)
[2026-08-04T08:12:53.122Z] GET http://localhost:5026/media/perfumes/adidas/images/energy_drive_98467.webp → 200 (?ms, -214B)
[2026-08-04T08:12:53.122Z] GET http://localhost:5026/media/perfumes/adidas/images/tropical_passion_2854.webp → 200 (1ms, -215B)
[2026-08-04T08:12:53.123Z] GET http://localhost:5026/media/perfumes/adidas/images/happy_game_11033.webp → 200 (1ms, -215B)
[2026-08-04T08:13:20.450Z] GET http://localhost:3000/marka/dior → 200 (51ms, 6488B)
[2026-08-04T08:13:20.511Z] GET http://localhost:3000/_next/static/chunks/src_perfume-comparer-web_src_app_globals_1kowgbp.css → 304 (1ms, ?B)
[2026-08-04T08:13:20.511Z] GET http://localhost:3000/_next/static/chunks/%5Bturbopack%5D_browser_dev_hmr-client_hmr-client_ts_0b4hjvo._.js → 200 (4ms, ?B)
[2026-08-04T08:13:20.511Z] GET http://localhost:3000/_next/static/chunks/01d5_next_dist_compiled_next-devtools_index_07ycjaq.js → 200 (32ms, ?B)
[2026-08-04T08:13:20.511Z] GET http://localhost:3000/_next/static/chunks/01d5_next_dist_compiled_react-dom_0-xmo_9._.js → 200 (20ms, ?B)
[2026-08-04T08:13:20.511Z] GET http://localhost:3000/_next/static/chunks/01d5_next_dist_compiled_react-server-dom-turbopack_1cdelyf._.js → 200 (32ms, ?B)
[2026-08-04T08:13:20.511Z] GET http://localhost:3000/_next/static/chunks/01d5_next_dist_compiled_0z2j911._.js → 200 (33ms, ?B)
[2026-08-04T08:13:20.511Z] GET http://localhost:3000/_next/static/chunks/01d5_next_dist_client_00b162t._.js → 200 (48ms, ?B)
[2026-08-04T08:13:20.511Z] GET http://localhost:3000/_next/static/chunks/01d5_next_dist_1t1vbm1._.js → 200 (20ms, ?B)
[2026-08-04T08:13:20.511Z] GET http://localhost:3000/_next/static/chunks/01d5_%40swc_helpers_cjs_0-dwtys._.js → 200 (36ms, ?B)
[2026-08-04T08:13:20.511Z] GET http://localhost:3000/_next/static/chunks/src_perfume-comparer-web_1anvha4._.js → 200 (33ms, ?B)
[2026-08-04T08:13:20.511Z] GET http://localhost:3000/_next/static/chunks/turbopack-src_perfume-comparer-web_1w_cc43._.js → 200 (34ms, ?B)
[2026-08-04T08:13:20.511Z] GET http://localhost:3000/_next/static/chunks/src_perfume-comparer-web_src_0hxx-ed._.js → 200 (45ms, ?B)
[2026-08-04T08:13:20.511Z] GET http://localhost:3000/_next/static/chunks/01d5_next_18t8uho._.js → 200 (52ms, ?B)
[2026-08-04T08:13:20.512Z] GET http://localhost:3000/_next/static/chunks/src_perfume-comparer-web_src_app_layout_tsx_0zdms-1._.js → 200 (51ms, ?B)
[2026-08-04T08:13:20.512Z] GET http://localhost:3000/_next/static/chunks/src_perfume-comparer-web_src_1v-4hg0._.js → 200 (51ms, ?B)
[2026-08-04T08:13:20.512Z] GET http://localhost:3000/_next/static/chunks/src_perfume-comparer-web_src_app_marka_%5Bslug%5D_page_tsx_1zjgrze._.js → 200 (51ms, ?B)
[2026-08-04T08:13:20.512Z] GET http://localhost:3000/_next/static/chunks/01d5_next_dist_client_components_builtin_global-error_1zjgrze.js → 200 (51ms, ?B)
[2026-08-04T08:13:20.563Z] GET http://localhost:3000/_next/static/chunks/%5Bturbopack%5D_browser_dev_hmr-client_hmr-client_ts_1mojsay._.js → 200 (13ms, ?B)
[2026-08-04T08:13:20.563Z] GET http://localhost:3000/_next/static/chunks/%5Bturbopack%5D_browser_dev_hmr-client_hmr-client_ts_1hbh5nd._.js → 200 (13ms, ?B)
[2026-08-04T08:13:20.575Z] GET http://localhost:3000/__nextjs_font/geist-mono-latin-ext.woff2 → 200 (?ms, -209B)
[2026-08-04T08:13:20.575Z] GET http://localhost:3000/__nextjs_font/geist-latin.woff2 → 200 (1ms, -209B)
[2026-08-04T08:13:20.576Z] GET http://localhost:3000/__nextjs_font/geist-mono-latin.woff2 → 200 (?ms, -209B)
[2026-08-04T08:13:20.597Z] GET http://localhost:5026/api/brands/dior → 200 (25ms, 2664B)
[2026-08-04T08:13:20.597Z] GET http://localhost:5026/api/perfumes?brand=dior&page=1&pageSize=24 → 200 (19ms, 9701B)
[2026-08-04T08:13:20.672Z] GET http://localhost:5026/media/brand_images/dior.webp → 200 (?ms, -215B)
[2026-08-04T08:13:20.697Z] GET http://localhost:5026/media/perfumes/dior/images/sauvage_31861.webp → 200 (2ms, -214B)
[2026-08-04T08:13:20.697Z] GET http://localhost:5026/media/perfumes/dior/images/hypnotic_poison_219.webp → 200 (2ms, -215B)
[2026-08-04T08:13:20.697Z] GET http://localhost:5026/media/perfumes/dior/images/j_adore_210.webp → 200 (2ms, -214B)
[2026-08-04T08:13:20.697Z] GET http://localhost:5026/media/perfumes/dior/images/dior_homme_intense_2011_13016.webp → 200 (2ms, -215B)
[2026-08-04T08:13:20.697Z] GET http://localhost:5026/media/perfumes/dior/images/fahrenheit_228.webp → 200 (2ms, -214B)
[2026-08-04T08:13:20.697Z] GET http://localhost:5026/media/perfumes/dior/images/sauvage_elixir_68415.webp → 200 (3ms, -214B)
[2026-08-04T08:13:20.697Z] GET http://localhost:5026/media/perfumes/dior/images/pure_poison_214.webp → 200 (3ms, -215B)
[2026-08-04T08:13:20.697Z] GET http://localhost:5026/media/perfumes/dior/images/poison_218.webp → 200 (3ms, -215B)
[2026-08-04T08:13:20.698Z] GET http://localhost:5026/media/perfumes/dior/images/dior_addict_215.webp → 200 (2ms, -214B)
[2026-08-04T08:13:20.698Z] GET http://localhost:5026/media/perfumes/dior/images/sauvage_eau_de_parfum_48100.webp → 200 (2ms, -215B)
[2026-08-04T08:13:20.698Z] GET http://localhost:5026/media/perfumes/dior/images/dune_221.webp → 200 (3ms, -215B)
[2026-08-04T08:13:20.699Z] GET http://localhost:5026/media/perfumes/dior/images/miss_dior_blooming_bouquet_23280.webp → 200 (2ms, -215B)
[2026-08-04T08:13:20.699Z] GET http://localhost:5026/media/perfumes/dior/images/dolce_vita_222.webp → 200 (2ms, -215B)
[2026-08-04T08:13:20.699Z] GET http://localhost:5026/media/perfumes/dior/images/dior_homme_parfum_27417.webp → 200 (2ms, -215B)
[2026-08-04T08:13:20.699Z] GET http://localhost:5026/media/perfumes/dior/images/midnight_poison_1282.webp → 200 (2ms, -215B)
[2026-08-04T08:13:20.699Z] GET http://localhost:5026/media/perfumes/dior/images/poison_girl_35561.webp → 200 (2ms, -215B)
[2026-08-04T08:13:20.699Z] GET http://localhost:5026/media/perfumes/dior/images/dior_homme_2020_58714.webp → 200 (2ms, -215B)
[2026-08-04T08:13:20.699Z] GET http://localhost:5026/media/perfumes/dior/images/miss_dior_cherie_213.webp → 200 (2ms, -215B)
[2026-08-04T08:13:20.699Z] GET http://localhost:5026/media/perfumes/dior/images/miss_dior_2012_17796.webp → 200 (3ms, -215B)
[2026-08-04T08:13:20.699Z] GET http://localhost:5026/media/perfumes/dior/images/miss_dior_eau_de_parfum_2021_68905.webp → 200 (3ms, -215B)
[2026-08-04T08:13:20.699Z] GET http://localhost:5026/media/perfumes/dior/images/dior_homme_13015.webp → 200 (3ms, -215B)
[2026-08-04T08:13:20.699Z] GET http://localhost:5026/media/perfumes/dior/images/eau_sauvage_231.webp → 200 (3ms, -215B)
[2026-08-04T08:13:20.699Z] GET http://localhost:5026/media/perfumes/dior/images/dior_homme_sport_2021_71326.webp → 200 (3ms, -214B)
[2026-08-04T08:13:20.699Z] GET http://localhost:5026/media/perfumes/dior/images/sauvage_parfum_56324.webp → 200 (3ms, -215B)
[2026-08-04T08:13:25.810Z] GET http://localhost:3000/marka/amouage → 200 (29ms, 6495B)
[2026-08-04T08:13:25.844Z] GET http://localhost:3000/_next/static/chunks/src_perfume-comparer-web_src_app_globals_1kowgbp.css → 304 (1ms, ?B)
[2026-08-04T08:13:25.844Z] GET http://localhost:3000/_next/static/chunks/%5Bturbopack%5D_browser_dev_hmr-client_hmr-client_ts_0b4hjvo._.js → 200 (2ms, ?B)
[2026-08-04T08:13:25.844Z] GET http://localhost:3000/_next/static/chunks/01d5_next_dist_compiled_next-devtools_index_07ycjaq.js → 200 (24ms, ?B)
[2026-08-04T08:13:25.844Z] GET http://localhost:3000/_next/static/chunks/01d5_next_dist_compiled_react-dom_0-xmo_9._.js → 200 (19ms, ?B)
[2026-08-04T08:13:25.844Z] GET http://localhost:3000/_next/static/chunks/01d5_next_dist_compiled_react-server-dom-turbopack_1cdelyf._.js → 200 (17ms, ?B)
[2026-08-04T08:13:25.844Z] GET http://localhost:3000/_next/static/chunks/01d5_next_dist_compiled_0z2j911._.js → 200 (18ms, ?B)
[2026-08-04T08:13:25.844Z] GET http://localhost:3000/_next/static/chunks/01d5_next_dist_client_00b162t._.js → 200 (24ms, ?B)
[2026-08-04T08:13:25.844Z] GET http://localhost:3000/_next/static/chunks/01d5_next_dist_1t1vbm1._.js → 200 (19ms, ?B)
[2026-08-04T08:13:25.844Z] GET http://localhost:3000/_next/static/chunks/01d5_%40swc_helpers_cjs_0-dwtys._.js → 200 (24ms, ?B)
[2026-08-04T08:13:25.844Z] GET http://localhost:3000/_next/static/chunks/src_perfume-comparer-web_1anvha4._.js → 200 (22ms, ?B)
[2026-08-04T08:13:25.844Z] GET http://localhost:3000/_next/static/chunks/turbopack-src_perfume-comparer-web_1w_cc43._.js → 200 (25ms, ?B)
[2026-08-04T08:13:25.844Z] GET http://localhost:3000/_next/static/chunks/src_perfume-comparer-web_src_0hxx-ed._.js → 200 (27ms, ?B)
[2026-08-04T08:13:25.844Z] GET http://localhost:3000/_next/static/chunks/01d5_next_18t8uho._.js → 200 (28ms, ?B)
[2026-08-04T08:13:25.844Z] GET http://localhost:3000/_next/static/chunks/src_perfume-comparer-web_src_app_layout_tsx_0zdms-1._.js → 200 (27ms, ?B)
[2026-08-04T08:13:25.845Z] GET http://localhost:3000/_next/static/chunks/src_perfume-comparer-web_src_1v-4hg0._.js → 200 (28ms, ?B)
[2026-08-04T08:13:25.845Z] GET http://localhost:3000/_next/static/chunks/src_perfume-comparer-web_src_app_marka_%5Bslug%5D_page_tsx_1zjgrze._.js → 200 (33ms, ?B)
[2026-08-04T08:13:25.845Z] GET http://localhost:3000/_next/static/chunks/01d5_next_dist_client_components_builtin_global-error_1zjgrze.js → 200 (27ms, ?B)
[2026-08-04T08:13:25.871Z] GET http://localhost:3000/_next/static/chunks/%5Bturbopack%5D_browser_dev_hmr-client_hmr-client_ts_1mojsay._.js → 200 (8ms, ?B)
[2026-08-04T08:13:25.871Z] GET http://localhost:3000/_next/static/chunks/%5Bturbopack%5D_browser_dev_hmr-client_hmr-client_ts_1hbh5nd._.js → 200 (8ms, ?B)
[2026-08-04T08:13:25.896Z] GET http://localhost:3000/__nextjs_font/geist-mono-latin-ext.woff2 → 200 (?ms, -209B)
[2026-08-04T08:13:25.896Z] GET http://localhost:3000/__nextjs_font/geist-latin.woff2 → 200 (?ms, -209B)
[2026-08-04T08:13:25.897Z] GET http://localhost:3000/__nextjs_font/geist-mono-latin.woff2 → 200 (?ms, -209B)
[2026-08-04T08:13:25.897Z] GET http://localhost:5026/api/brands/amouage → 200 (5ms, 2463B)
[2026-08-04T08:13:25.897Z] GET http://localhost:5026/api/perfumes?brand=amouage&page=1&pageSize=24 → 200 (5ms, 10008B)
[2026-08-04T08:13:25.948Z] GET http://localhost:5026/media/brand_images/amouage.webp → 200 (14ms, -214B)
[2026-08-04T08:13:25.959Z] GET http://localhost:5026/media/perfumes/amouage/images/reflection_man_920.webp → 200 (4ms, 13634B)
[2026-08-04T08:13:25.959Z] GET http://localhost:5026/media/perfumes/amouage/images/interlude_man_15294.webp → 200 (4ms, 13356B)
[2026-08-04T08:13:25.959Z] GET http://localhost:5026/media/perfumes/amouage/images/guidance_78656.webp → 200 (5ms, 8852B)
[2026-08-04T08:13:25.959Z] GET http://localhost:5026/media/perfumes/amouage/images/jubilation_xxv_man_2366.webp → 200 (5ms, 14372B)
[2026-08-04T08:13:25.959Z] GET http://localhost:5026/media/perfumes/amouage/images/sunshine_woman_28182.webp → 200 (5ms, 7230B)
[2026-08-04T08:13:25.959Z] GET http://localhost:5026/media/perfumes/amouage/images/honour_woman_12762.webp → 200 (5ms, 11898B)
[2026-08-04T08:13:25.959Z] GET http://localhost:5026/media/perfumes/amouage/images/memoir_woman_10146.webp → 200 (11ms, 12760B)
[2026-08-04T08:13:25.959Z] GET http://localhost:5026/media/perfumes/amouage/images/dia_woman_1109.webp → 200 (14ms, 20210B)
[2026-08-04T08:13:25.959Z] GET http://localhost:5026/media/perfumes/amouage/images/epic_woman_6538.webp → 200 (11ms, 18374B)
[2026-08-04T08:13:25.959Z] GET http://localhost:5026/media/perfumes/amouage/images/interlude_woman_15295.webp → 200 (11ms, 18002B)
[2026-08-04T08:13:25.959Z] GET http://localhost:5026/media/perfumes/amouage/images/lyric_man_4622.webp → 200 (14ms, 11012B)
[2026-08-04T08:13:25.959Z] GET http://localhost:5026/media/perfumes/amouage/images/epic_man_6537.webp → 200 (15ms, 12208B)
[2026-08-04T08:13:25.959Z] GET http://localhost:5026/media/perfumes/amouage/images/memoir_man_10145.webp → 200 (15ms, 10382B)
[2026-08-04T08:13:25.959Z] GET http://localhost:5026/media/perfumes/amouage/images/lilac_love_35624.webp → 200 (19ms, 7986B)
[2026-08-04T08:13:25.959Z] GET http://localhost:5026/media/perfumes/amouage/images/lyric_woman_4623.webp → 200 (19ms, 15046B)
[2026-08-04T08:13:25.959Z] GET http://localhost:5026/media/perfumes/amouage/images/beach_hut_man_46336.webp → 200 (19ms, 13034B)
[2026-08-04T08:13:25.961Z] GET http://localhost:5026/media/perfumes/amouage/images/interlude_black_iris_60929.webp → 200 (17ms, 11136B)
[2026-08-04T08:13:25.961Z] GET http://localhost:5026/media/perfumes/amouage/images/blossom_love_43476.webp → 200 (18ms, 7276B)
[2026-08-04T08:13:25.961Z] GET http://localhost:5026/media/perfumes/amouage/images/love_tuberose_50889.webp → 200 (18ms, 6184B)
[2026-08-04T08:13:25.961Z] GET http://localhost:5026/media/perfumes/amouage/images/reflection_woman_919.webp → 200 (17ms, 15042B)
[2026-08-04T08:13:25.961Z] GET http://localhost:5026/media/perfumes/amouage/images/journey_woman_25252.webp → 200 (18ms, 14528B)
[2026-08-04T08:13:25.961Z] GET http://localhost:5026/media/perfumes/amouage/images/opus_xiv_royal_tobacco_75064.webp → 200 (18ms, 5640B)
[2026-08-04T08:13:25.961Z] GET http://localhost:5026/media/perfumes/amouage/images/journey_man_25251.webp → 200 (18ms, 11194B)
[2026-08-04T08:13:25.961Z] GET http://localhost:5026/media/perfumes/amouage/images/guidance_46_94033.webp → 200 (18ms, 12764B)
[2026-08-04T08:16:45.944Z] GET http://localhost:5026/api/perfumes?brand=amouage&page=1&pageSize=24 → 200 (66ms, 10008B)
[2026-08-04T08:17:15.135Z] GET http://localhost:3000/_next/static/chunks/src_perfume-comparer-web_src_app_globals_1kowgbp.css → 200 (56ms, 8439B)
[2026-08-04T08:17:38.425Z] GET http://localhost:3000/marka/adidas → 200 (82ms, 6489B)
[2026-08-04T08:17:38.536Z] GET http://localhost:3000/_next/static/chunks/src_perfume-comparer-web_src_app_globals_1kowgbp.css → 304 (6ms, ?B)
[2026-08-04T08:17:38.536Z] GET http://localhost:3000/_next/static/chunks/%5Bturbopack%5D_browser_dev_hmr-client_hmr-client_ts_0b4hjvo._.js → 200 (7ms, ?B)
[2026-08-04T08:17:38.536Z] GET http://localhost:3000/_next/static/chunks/01d5_next_dist_compiled_next-devtools_index_07ycjaq.js → 200 (33ms, ?B)
[2026-08-04T08:17:38.537Z] GET http://localhost:3000/_next/static/chunks/01d5_next_dist_compiled_react-dom_0-xmo_9._.js → 200 (36ms, ?B)
[2026-08-04T08:17:38.537Z] GET http://localhost:3000/_next/static/chunks/01d5_next_dist_compiled_react-server-dom-turbopack_1cdelyf._.js → 200 (32ms, ?B)
[2026-08-04T08:17:38.537Z] GET http://localhost:3000/_next/static/chunks/01d5_next_dist_compiled_0z2j911._.js → 200 (34ms, ?B)
[2026-08-04T08:17:38.537Z] GET http://localhost:3000/_next/static/chunks/01d5_next_dist_client_00b162t._.js → 200 (42ms, ?B)
[2026-08-04T08:17:38.537Z] GET http://localhost:3000/_next/static/chunks/01d5_next_dist_1t1vbm1._.js → 200 (38ms, ?B)
[2026-08-04T08:17:38.537Z] GET http://localhost:3000/_next/static/chunks/01d5_%40swc_helpers_cjs_0-dwtys._.js → 200 (41ms, ?B)
[2026-08-04T08:17:38.537Z] GET http://localhost:3000/_next/static/chunks/src_perfume-comparer-web_1anvha4._.js → 200 (41ms, ?B)
[2026-08-04T08:17:38.537Z] GET http://localhost:3000/_next/static/chunks/turbopack-src_perfume-comparer-web_1w_cc43._.js → 200 (39ms, ?B)
[2026-08-04T08:17:38.542Z] GET http://localhost:3000/_next/static/chunks/src_perfume-comparer-web_src_0hxx-ed._.js → 200 (35ms, ?B)
[2026-08-04T08:17:38.542Z] GET http://localhost:3000/_next/static/chunks/01d5_next_18t8uho._.js → 200 (36ms, ?B)
[2026-08-04T08:17:38.542Z] GET http://localhost:3000/_next/static/chunks/src_perfume-comparer-web_src_app_layout_tsx_0zdms-1._.js → 200 (60ms, ?B)
[2026-08-04T08:17:38.542Z] GET http://localhost:3000/_next/static/chunks/src_perfume-comparer-web_src_1v-4hg0._.js → 200 (60ms, 11034B)
[2026-08-04T08:17:38.542Z] GET http://localhost:3000/_next/static/chunks/src_perfume-comparer-web_src_app_marka_%5Bslug%5D_page_tsx_1zjgrze._.js → 200 (60ms, ?B)
[2026-08-04T08:17:38.542Z] GET http://localhost:3000/_next/static/chunks/01d5_next_dist_client_components_builtin_global-error_1zjgrze.js → 200 (60ms, ?B)
[2026-08-04T08:17:38.601Z] GET http://localhost:3000/_next/static/chunks/%5Bturbopack%5D_browser_dev_hmr-client_hmr-client_ts_1mojsay._.js → 200 (1ms, ?B)
[2026-08-04T08:17:38.601Z] GET http://localhost:3000/_next/static/chunks/%5Bturbopack%5D_browser_dev_hmr-client_hmr-client_ts_1hbh5nd._.js → 200 (1ms, ?B)
[2026-08-04T08:17:38.605Z] GET http://localhost:3000/__nextjs_font/geist-mono-latin-ext.woff2 → 200 (5ms, -209B)
[2026-08-04T08:17:38.610Z] GET http://localhost:3000/__nextjs_font/geist-latin.woff2 → 200 (?ms, -209B)
[2026-08-04T08:17:38.610Z] GET http://localhost:3000/__nextjs_font/geist-mono-latin.woff2 → 200 (?ms, -209B)
[2026-08-04T08:17:38.646Z] GET http://localhost:5026/api/brands/adidas → 200 (24ms, 2149B)
[2026-08-04T08:17:38.646Z] GET http://localhost:5026/api/perfumes?brand=adidas&page=1&pageSize=24 → 200 (20ms, 10088B)
[2026-08-04T08:17:38.728Z] GET http://localhost:5026/media/brand_images/adidas.webp → 200 (3ms, -214B)
[2026-08-04T08:17:38.755Z] GET http://localhost:5026/media/perfumes/adidas/images/adidas_ice_dive_7211.webp → 200 (4ms, -215B)
[2026-08-04T08:17:38.755Z] GET http://localhost:5026/media/perfumes/adidas/images/fruity_rhythm_2852.webp → 200 (4ms, -215B)
[2026-08-04T08:17:38.755Z] GET http://localhost:5026/media/perfumes/adidas/images/pure_lightness_2855.webp → 200 (4ms, -215B)
[2026-08-04T08:17:38.755Z] GET http://localhost:5026/media/perfumes/adidas/images/pure_game_11527.webp → 200 (5ms, -215B)
[2026-08-04T08:17:38.755Z] GET http://localhost:5026/media/perfumes/adidas/images/adidas_active_bodies_7873.webp → 200 (5ms, -215B)
[2026-08-04T08:17:38.755Z] GET http://localhost:5026/media/perfumes/adidas/images/adidas_victory_league_3163.webp → 200 (7ms, -215B)
[2026-08-04T08:17:38.755Z] GET http://localhost:5026/media/perfumes/adidas/images/natural_vitality_4495.webp → 200 (7ms, -215B)
[2026-08-04T08:17:38.755Z] GET http://localhost:5026/media/perfumes/adidas/images/moves_21916.webp → 200 (7ms, -215B)
[2026-08-04T08:17:38.756Z] GET http://localhost:5026/media/perfumes/adidas/images/born_original_for_her_31213.webp → 200 (6ms, -215B)
[2026-08-04T08:17:38.756Z] GET http://localhost:5026/media/perfumes/adidas/images/adidas_dynamic_pulse_21829.webp → 200 (7ms, -215B)
[2026-08-04T08:17:38.756Z] GET http://localhost:5026/media/perfumes/adidas/images/floral_dream_2853.webp → 200 (7ms, -215B)
[2026-08-04T08:17:38.756Z] GET http://localhost:5026/media/perfumes/adidas/images/adidas_get_ready_for_her_23741.webp → 200 (7ms, -215B)
[2026-08-04T08:17:38.756Z] GET http://localhost:5026/media/perfumes/adidas/images/fizzy_energy_14515.webp → 200 (7ms, -215B)
[2026-08-04T08:17:38.756Z] GET http://localhost:5026/media/perfumes/adidas/images/adidas_team_force_7207.webp → 200 (7ms, -215B)
[2026-08-04T08:17:38.756Z] GET http://localhost:5026/media/perfumes/adidas/images/adidas_get_ready_for_him_23743.webp → 200 (7ms, -215B)
[2026-08-04T08:17:38.756Z] GET http://localhost:5026/media/perfumes/adidas/images/adidas_uefa_champions_league_edition_26757.webp → 200 (7ms, -215B)
[2026-08-04T08:17:38.757Z] GET http://localhost:5026/media/perfumes/adidas/images/get_comfy_98557.webp → 200 (6ms, -214B)
[2026-08-04T08:17:38.757Z] GET http://localhost:5026/media/perfumes/adidas/images/team_five_20613.webp → 200 (6ms, -215B)
[2026-08-04T08:17:38.757Z] GET http://localhost:5026/media/perfumes/adidas/images/happy_feels_98469.webp → 200 (7ms, -214B)
[2026-08-04T08:17:38.757Z] GET http://localhost:5026/media/perfumes/adidas/images/adidas_deep_energy_21828.webp → 200 (7ms, -215B)
[2026-08-04T08:17:38.757Z] GET http://localhost:5026/media/perfumes/adidas/images/spark_up_98468.webp → 200 (7ms, -214B)
[2026-08-04T08:17:38.757Z] GET http://localhost:5026/media/perfumes/adidas/images/energy_drive_98467.webp → 200 (7ms, -214B)
[2026-08-04T08:17:38.757Z] GET http://localhost:5026/media/perfumes/adidas/images/tropical_passion_2854.webp → 200 (7ms, -215B)
[2026-08-04T08:17:38.757Z] GET http://localhost:5026/media/perfumes/adidas/images/happy_game_11033.webp → 200 (7ms, -215B)
